CustomerID,Age,Annual Income (k$),Spending Score (1-100),Gender
1,56,96,61,Female
2,69,77,77,Female
3,46,119,51,Female
4,32,71,50,Male
5,60,150,19,Female
6,25,76,1,Female
7,38,31,40,Male
8,56,80,32,Female
9,36,20,22,Male
10,40,72,93,Female
11,28,83,66,Male
12,28,76,40,Male
13,41,96,38,Female
14,70,85,48,Male
15,53,145,55,Female
16,57,24,75,Male
17,41,112,81,Male
18,20,103,55,Female
19,39,49,51,Male
20,70,16,60,Female
21,19,138,8,Male
22,41,38,86,Male
23,61,88,68,Female
24,47,36,75,Female
25,55,53,72,Male
26,19,34,9,Female
27,38,55,90,Female
28,50,122,2,Male
29,29,98,80,Male
30,39,125,95,Female
31,61,80,70,Male
32,42,67,85,Female
33,66,48,90,Female
34,44,81,59,Female
35,59,148,19,Female
36,45,41,28,Female
37,33,24,72,Female
38,32,87,14,Male
39,64,110,24,Female
40,68,62,44,Male
41,61,84,56,Female
42,69,114,90,Male
43,20,73,95,Male
44,54,16,51,Male
45,68,79,32,Female
46,24,97,50,Male
47,38,24,41,Male
48,26,67,66,Female
49,56,93,25,Male
50,35,73,61,Male
51,21,62,66,Female
52,42,137,42,Male
53,31,36,65,Male
54,67,114,36,Female
55,26,112,76,Male
56,43,39,9,Male
57,70,42,36,Male
58,19,127,92,Male
59,37,59,38,Female
60,45,82,33,Female
61,64,21,42,Female
62,24,63,61,Female
63,61,97,46,Male
64,25,143,86,Female
65,64,87,89,Female
66,52,60,61,Male
67,31,120,18,Male
68,34,46,70,Male
69,53,20,82,Female
70,67,88,80,Male
71,57,128,15,Male
72,21,41,48,Male
73,19,68,72,Female
74,23,99,13,Female
75,59,141,43,Female
76,21,125,60,Female
77,46,29,57,Female
78,35,146,71,Female
79,43,107,17,Female
80,61,137,50,Male
81,51,87,32,Male
82,27,106,22,Male
83,53,31,55,Female
84,31,57,57,Female
85,48,135,13,Male
86,65,55,47,Male
87,32,53,87,Female
88,25,127,62,Female
89,31,125,54,Female
90,40,61,29,Female
91,57,77,22,Female
92,38,124,65,Female
93,33,83,29,Female
94,62,57,48,Female
95,35,48,5,Male
96,64,54,35,Female
97,70,75,74,Female
98,41,76,83,Female
99,43,72,71,Male
100,42,89,46,Male
101,62,30,35,Female
102,58,96,45,Male
103,46,108,13,Male
104,32,62,10,Male
105,62,96,66,Female
106,18,52,70,Female
107,42,141,72,Female
108,24,33,100,Female
109,26,77,25,Female
110,41,91,44,Female
111,18,145,60,Female
112,61,116,47,Male
113,25,79,40,Female
114,41,134,7,Female
115,28,105,46,Female
116,68,22,23,Female
117,34,87,83,Female
118,25,148,46,Female
119,52,121,86,Female
120,52,103,13,Female
121,50,53,21,Male
122,22,127,1,Male
123,59,42,19,Female
124,56,111,60,Female
125,58,51,33,Male
126,45,96,4,Female
127,24,70,3,Female
128,26,99,91,Male
129,25,16,52,Female
130,29,72,99,Female
131,51,121,28,Female
132,50,137,70,Male
133,65,128,70,Male
134,40,121,55,Female
135,41,51,57,Male
136,54,93,87,Male
137,52,106,97,Male
138,61,32,16,Female
139,57,112,24,Male
140,39,77,69,Male
141,44,18,41,Male
142,52,149,77,Female
143,18,75,47,Male
144,52,121,76,Male
145,54,68,69,Female
146,64,102,31,Male
147,31,82,92,Male
148,20,143,92,Male
149,18,69,30,Female
150,22,17,18,Female
151,43,135,44,Male
152,31,143,27,Male
153,56,116,99,Male
154,44,52,26,Male
155,26,99,60,Male
156,32,147,18,Male
157,32,106,97,Female
158,43,35,89,Male
159,59,123,56,Male
160,30,61,31,Male
161,68,98,59,Female
162,49,97,2,Male
163,56,49,97,Female
164,66,83,39,Male
165,69,143,61,Male
166,49,41,63,Male
167,21,70,96,Male
168,47,37,18,Male
169,54,35,17,Male
170,40,75,98,Female
171,56,77,39,Male
172,62,136,71,Male
173,32,66,54,Male
174,60,102,99,Female
175,46,69,94,Male
176,53,60,76,Female
177,30,46,35,Male
178,49,69,11,Male
179,24,110,61,Female
180,68,147,44,Female
181,39,50,68,Male
182,45,124,25,Female
183,19,120,48,Female
184,59,72,32,Male
185,62,53,84,Male
186,70,94,95,Male
187,23,111,4,Female
188,45,127,38,Male
189,45,75,63,Male
190,61,20,47,Female
191,61,123,1,Female
192,37,49,3,Male
193,47,53,86,Female
194,28,132,62,Female
195,45,19,64,Female
196,42,101,17,Male
197,56,90,78,Male
198,50,71,62,Male
199,18,141,35,Female
200,44,43,13,Male
201,69,101,35,Male
202,30,60,43,Female
203,58,130,2,Female
204,20,126,56,Male
205,56,59,77,Female
206,23,118,51,Male
207,25,99,54,Male
208,44,148,16,Male
209,26,122,18,Female
210,54,32,7,Female
211,50,108,45,Male
212,68,47,36,Male
213,59,140,41,Male
214,61,136,94,Male
215,41,129,42,Female
216,32,42,7,Male
217,49,25,15,Male
218,49,61,60,Female
219,41,141,40,Male
220,58,132,83,Male
221,69,140,37,Male
222,66,86,66,Male
223,66,121,55,Male
224,69,47,77,Female
225,29,33,95,Female
226,56,88,80,Female
227,19,112,56,Female
228,20,143,44,Male
229,66,107,57,Female
230,54,62,6,Female
231,66,78,92,Female
232,34,75,32,Female
233,66,53,74,Female
234,19,142,18,Female
235,19,102,68,Female
236,45,40,73,Female
237,40,31,7,Male
238,54,85,8,Female
239,49,27,64,Male
240,50,83,7,Female
241,18,40,41,Female
242,36,63,40,Female
243,19,21,3,Male
244,70,72,17,Male
245,61,63,66,Female
246,43,117,79,Male
247,49,67,93,Female
248,23,76,52,Male
249,49,31,22,Male
250,21,39,4,Male
251,28,145,6,Female
252,34,43,38,Male
253,55,131,26,Male
254,41,40,11,Female
255,22,138,90,Male
256,69,39,17,Female
257,51,68,88,Female
258,23,87,92,Male
259,39,134,99,Female
260,28,70,31,Male
261,65,79,77,Male
262,33,107,35,Female
263,50,100,16,Male
264,26,94,79,Male
265,23,122,18,Female
266,33,132,62,Female
267,46,97,27,Male
268,20,29,35,Female
269,37,145,45,Female
270,53,44,35,Female
271,36,71,28,Female
272,43,142,9,Male
273,20,62,76,Male
274,36,150,15,Female
275,37,36,21,Male
276,49,20,52,Female
277,24,118,35,Female
278,69,50,97,Male
279,58,93,51,Male
280,50,130,83,Male
281,57,71,55,Male
282,56,63,87,Female
283,35,96,77,Female
284,57,80,44,Male
285,18,91,65,Female
286,28,59,93,Male
287,45,93,88,Male
288,42,34,80,Male
289,67,137,25,Female
290,40,81,87,Female
291,48,97,92,Male
292,47,17,47,Male
293,59,78,80,Male
294,52,54,56,Male
295,24,73,38,Female
296,33,76,11,Female
297,43,146,67,Male
298,65,74,15,Male
299,69,130,1,Female
300,66,89,7,Male
301,19,136,1,Female
302,18,121,49,Female
303,65,110,96,Male
304,29,105,73,Female
305,22,144,29,Female
306,54,76,26,Female
307,49,63,87,Female
308,26,106,45,Male
309,58,138,93,Female
310,52,75,97,Female
311,36,62,71,Female
312,65,150,12,Male
313,33,72,95,Male
314,20,115,32,Male
315,37,126,20,Female
316,41,76,51,Male
317,50,53,81,Male
318,41,72,36,Male
319,69,113,67,Female
320,28,58,1,Male
321,66,43,27,Male
322,25,73,40,Male
323,53,85,97,Female
324,55,106,84,Female
325,57,23,14,Male
326,37,141,100,Male
327,52,148,69,Male
328,65,145,87,Female
329,42,35,79,Female
330,52,78,6,Male
331,42,104,33,Female
332,46,50,55,Male
333,35,76,19,Female
334,63,90,77,Male
335,35,27,29,Female
336,19,25,61,Male
337,52,68,70,Female
338,33,30,79,Male
339,58,22,80,Male
340,53,118,24,Male
341,50,73,23,Male
342,21,71,10,Female
343,50,54,54,Male
344,31,144,41,Female
345,38,108,49,Female
346,65,58,17,Male
347,37,94,56,Male
348,25,95,45,Male
349,24,16,30,Male
350,20,129,44,Female
351,34,104,74,Female
352,50,37,55,Female
353,65,76,19,Female
354,29,127,29,Male
355,68,142,2,Female
356,39,76,36,Male
357,39,52,19,Male
358,63,75,7,Female
359,47,143,26,Female
360,55,136,79,Female
361,55,124,38,Female
362,62,27,3,Female
363,68,114,80,Female
364,25,149,66,Male
365,44,36,95,Male
366,44,88,92,Male
367,51,146,71,Female
368,38,37,94,Male
369,47,133,43,Male
370,50,84,62,Male
371,45,98,71,Male
372,64,115,100,Male
373,50,98,93,Male
374,22,42,24,Female
375,65,150,39,Female
376,36,15,68,Female
377,21,77,93,Male
378,52,36,44,Female
379,66,84,5,Female
380,34,139,55,Male
381,61,110,93,Female
382,45,93,30,Male
383,47,19,29,Female
384,46,74,26,Male
385,63,134,83,Male
386,70,60,26,Female
387,23,148,37,Male
388,52,70,91,Female
389,58,124,94,Male
390,54,118,53,Female
391,41,91,30,Female
392,46,16,3,Male
393,66,22,43,Female
394,63,89,7,Female
395,70,139,49,Female
396,48,52,73,Male
397,52,41,41,Male
398,50,34,77,Female
399,69,57,79,Female
400,38,45,54,Male
401,49,105,69,Male
402,40,75,93,Female
403,50,123,99,Male
404,20,105,91,Male
405,35,109,27,Female
406,42,27,8,Male
407,59,127,32,Male
408,48,49,84,Male
409,20,62,64,Female
410,57,49,10,Male
411,63,100,13,Female
412,41,128,63,Male
413,67,114,93,Male
414,49,113,35,Female
415,64,17,61,Female
416,39,99,54,Female
417,40,139,8,Female
418,19,97,29,Male
419,44,39,95,Female
420,59,82,41,Female
421,19,75,30,Female
422,43,43,86,Male
423,34,141,21,Male
424,57,33,76,Female
425,50,88,11,Female
426,26,75,2,Female
427,60,34,50,Female
428,65,62,41,Male
429,56,101,66,Female
430,46,124,98,Male
431,59,42,3,Female
432,43,73,80,Female
433,52,147,51,Male
434,67,65,68,Female
435,42,26,87,Female
436,41,64,84,Female
437,30,146,25,Female
438,24,127,30,Male
439,53,28,82,Female
440,62,46,11,Female
441,37,69,93,Male
442,18,134,17,Female
443,25,89,26,Male
444,63,35,23,Female
445,33,147,56,Female
446,31,101,52,Female
447,29,73,48,Male
448,68,103,20,Male
449,40,97,2,Female
450,32,79,88,Male
451,45,78,31,Female
452,51,85,27,Male
453,19,18,2,Female
454,49,118,78,Male
455,40,107,4,Female
456,39,126,13,Male
457,68,133,100,Male
458,42,73,35,Male
459,39,57,72,Male
460,39,26,66,Female
461,66,54,6,Female
462,69,132,31,Male
463,59,34,10,Female
464,23,145,21,Male
465,32,104,74,Female
466,60,108,23,Male
467,54,27,3,Female
468,50,80,32,Female
469,25,51,20,Male
470,70,80,74,Male
471,61,50,29,Male
472,61,40,52,Male
473,22,89,46,Male
474,56,122,34,Female
475,21,57,84,Male
476,23,22,61,Female
477,62,43,72,Male
478,49,54,71,Female
479,69,142,70,Female
480,47,98,11,Male
481,64,130,82,Male
482,52,76,93,Female
483,57,21,89,Female
484,69,59,63,Male
485,33,102,21,Female
486,30,87,3,Female
487,67,51,82,Female
488,59,133,88,Female
489,47,71,10,Female
490,36,22,27,Female
491,34,109,12,Male
492,36,131,7,Male
493,45,124,17,Male
494,43,34,65,Male
495,54,138,64,Female
496,43,67,26,Male
497,70,133,15,Female
498,40,26,33,Female
499,26,31,62,Male
500,29,78,47,Male
501,70,56,95,Female
502,18,108,35,Male
503,18,25,65,Male
504,64,112,72,Female
505,51,85,76,Female
506,49,122,83,Female
507,65,72,25,Female
508,42,48,57,Female
509,57,34,32,Female
510,62,64,63,Male
511,70,116,12,Male
512,18,66,63,Male
513,33,29,77,Female
514,56,98,92,Female
515,22,145,1,Male
516,39,51,51,Male
517,46,140,70,Male
518,20,54,8,Female
519,29,86,68,Male
520,43,54,5,Male
521,33,70,89,Male
522,68,118,86,Female
523,54,124,92,Male
524,39,150,39,Male
525,46,107,23,Female
526,31,108,68,Female
527,45,70,52,Female
528,22,74,4,Female
529,64,53,47,Female
530,66,42,21,Male
531,47,63,56,Male
532,63,139,66,Female
533,69,27,59,Female
534,22,50,7,Female
535,29,115,49,Female
536,33,40,16,Male
537,43,100,17,Male
538,43,18,84,Female
539,65,96,87,Female
540,38,141,98,Female
541,56,102,75,Female
542,53,141,34,Male
543,50,134,33,Female
544,47,36,26,Female
545,54,144,66,Male
546,40,45,63,Female
547,27,133,87,Male
548,22,25,41,Female
549,53,60,86,Female
550,51,110,58,Male
551,69,24,98,Female
552,48,142,79,Male
553,27,113,10,Male
554,36,126,15,Male
555,49,74,42,Female
556,18,101,93,Female
557,22,79,57,Male
558,62,71,87,Female
559,21,120,17,Female
560,33,23,60,Female
561,41,36,9,Male
562,33,103,36,Male
563,19,32,73,Female
564,66,129,80,Male
565,45,120,36,Female
566,49,29,48,Female
567,44,77,51,Female
568,37,27,97,Male
569,41,95,95,Male
570,29,46,70,Female
571,67,54,74,Male
572,52,96,80,Female
573,50,91,68,Male
574,50,90,22,Male
575,68,52,77,Male
576,60,85,80,Female
577,54,62,93,Female
578,29,32,6,Female
579,20,53,26,Male
580,18,103,75,Female
581,50,76,88,Female
582,57,123,93,Female
583,27,95,3,Female
584,60,148,52,Male
585,61,91,74,Male
586,46,104,60,Female
587,30,28,63,Male
588,29,109,65,Male
589,48,68,52,Male
590,63,146,90,Male
591,19,53,76,Male
592,68,86,14,Female
593,67,39,89,Male
594,52,91,72,Female
595,40,134,68,Female
596,34,67,28,Female
597,43,145,71,Male
598,25,110,10,Male
599,46,86,57,Male
600,43,76,100,Male
601,27,20,66,Female
602,43,46,90,Female
603,51,113,50,Female
604,68,145,14,Male
605,58,90,16,Female
606,24,73,54,Female
607,21,45,43,Female
608,70,107,42,Male
609,67,83,81,Female
610,62,66,22,Female
611,28,103,68,Male
612,46,141,19,Female
613,53,45,66,Male
614,42,98,39,Female
615,38,141,73,Male
616,53,146,19,Male
617,27,27,16,Male
618,54,59,54,Female
619,26,141,25,Female
620,41,128,18,Male
621,52,34,23,Male
622,66,95,85,Male
623,52,143,11,Male
624,65,31,39,Male
625,53,72,68,Male
626,35,86,25,Male
627,66,123,63,Male
628,56,37,96,Male
629,49,86,30,Male
630,41,22,45,Male
631,40,73,90,Male
632,49,125,61,Female
633,54,27,100,Male
634,29,30,51,Female
635,66,133,98,Female
636,30,16,9,Female
637,40,44,76,Male
638,42,117,2,Female
639,52,27,5,Male
640,58,110,62,Female
641,47,108,69,Male
642,34,96,52,Male
643,66,27,86,Female
644,37,108,5,Female
645,65,126,59,Male
646,42,69,68,Female
647,39,95,9,Male
648,30,130,93,Male
649,36,122,22,Male
650,66,67,27,Female
651,53,142,10,Male
652,29,71,80,Male
653,58,66,61,Male
654,36,125,51,Male
655,29,15,10,Female
656,26,58,6,Female
657,24,89,62,Female
658,45,112,5,Female
659,31,23,70,Male
660,48,46,63,Male
661,69,29,56,Male
662,36,150,59,Male
663,64,86,63,Male
664,33,26,89,Male
665,70,79,59,Female
666,22,121,51,Male
667,52,56,50,Male
668,29,129,4,Male
669,42,117,48,Female
670,69,109,32,Male
671,38,31,51,Male
672,53,99,52,Male
673,70,70,99,Female
674,40,148,74,Male
675,33,100,34,Male
676,56,116,36,Female
677,62,68,70,Male
678,70,129,43,Female
679,59,102,16,Male
680,56,63,59,Female
681,31,129,53,Male
682,48,77,19,Male
683,22,118,98,Female
684,52,97,89,Male
685,40,117,95,Male
686,46,31,41,Female
687,60,20,81,Male
688,28,42,47,Female
689,35,52,94,Male
690,64,133,54,Female
691,29,51,55,Male
692,26,129,95,Male
693,27,82,19,Female
694,61,57,62,Male
695,34,72,99,Female
696,55,27,93,Female
697,24,66,59,Female
698,63,72,65,Male
699,30,46,68,Male
700,57,119,28,Male
701,59,97,18,Female
702,26,113,26,Female
703,67,118,19,Female
704,44,42,55,Male
705,19,143,57,Female
706,22,62,6,Male
707,46,54,1,Male
708,54,111,8,Male
709,55,128,97,Male
710,36,146,51,Male
711,25,125,85,Male
712,65,90,88,Male
713,62,45,25,Male
714,18,133,47,Female
715,39,39,55,Male
716,69,48,64,Male
717,34,81,83,Female
718,24,132,93,Female
719,42,87,10,Female
720,62,40,56,Female
721,21,118,12,Male
722,53,24,33,Female
723,23,81,71,Female
724,48,19,17,Female
725,36,41,61,Female
726,61,127,10,Male
727,56,29,31,Female
728,44,119,60,Female
729,27,58,70,Female
730,43,40,17,Female
731,36,109,50,Male
732,56,98,37,Female
733,20,146,82,Female
734,62,101,62,Female
735,30,126,90,Male
736,67,143,80,Female
737,45,103,72,Female
738,37,80,88,Male
739,45,145,77,Female
740,25,136,29,Male
741,58,98,32,Male
742,56,130,88,Female
743,18,130,80,Female
744,20,52,11,Male
745,30,124,96,Male
746,45,60,6,Female
747,66,39,35,Male
748,42,35,33,Male
749,50,135,18,Female
750,55,136,37,Male
751,70,147,13,Male
752,23,84,74,Male
753,61,127,90,Male
754,62,121,81,Male
755,49,126,64,Male
756,62,122,1,Female
757,64,61,63,Male
758,38,105,89,Female
759,33,32,34,Female
760,38,118,10,Female
761,28,54,84,Female
762,54,103,7,Female
763,53,75,56,Female
764,52,19,80,Female
765,36,136,37,Female
766,37,69,29,Male
767,35,51,12,Female
768,64,70,17,Female
769,58,116,48,Female
770,66,107,84,Male
771,31,87,26,Female
772,32,73,83,Male
773,48,16,12,Female
774,18,118,21,Female
775,70,65,42,Male
776,20,44,61,Female
777,33,25,58,Male
778,40,122,54,Male
779,28,90,34,Female
780,29,104,7,Female
781,27,137,35,Male
782,49,139,15,Male
783,33,136,65,Female
784,25,108,90,Female
785,55,117,99,Female
786,29,45,25,Male
787,41,66,59,Female
788,45,103,79,Male
789,70,90,86,Female
790,25,143,6,Male
791,45,36,52,Male
792,53,54,79,Female
793,43,115,88,Male
794,25,125,21,Male
795,67,143,71,Male
796,45,79,93,Male
797,45,93,96,Male
798,54,36,32,Female
799,58,113,53,Female
800,53,22,59,Male
801,44,31,69,Female
802,34,31,62,Male
803,26,104,4,Male
804,50,95,86,Female
805,70,92,18,Male
806,37,20,99,Male
807,30,124,81,Male
808,45,28,56,Female
809,65,86,24,Female
810,46,68,66,Male
811,30,41,13,Male
812,63,27,62,Male
813,52,74,54,Male
814,23,20,15,Male
815,35,72,69,Female
816,68,63,3,Female
817,22,40,37,Female
818,64,61,37,Female
819,42,19,3,Male
820,19,34,63,Male
821,27,148,35,Female
822,47,73,52,Female
823,67,146,87,Male
824,62,31,28,Female
825,22,28,94,Male
826,50,27,18,Male
827,18,149,36,Male
828,35,142,33,Female
829,49,58,64,Female
830,64,133,26,Female
831,66,33,48,Female
832,28,77,40,Female
833,38,95,17,Male
834,43,114,40,Female
835,42,136,7,Male
836,39,58,57,Male
837,44,118,8,Male
838,66,75,56,Female
839,30,139,31,Female
840,50,85,59,Female
841,51,121,58,Female
842,58,64,12,Female
843,52,79,48,Female
844,18,113,31,Female
845,38,46,83,Female
846,65,72,63,Male
847,23,142,74,Female
848,45,126,39,Male
849,34,82,76,Male
850,22,54,20,Male
851,48,146,48,Male
852,22,104,71,Female
853,55,42,54,Female
854,20,110,78,Male
855,70,45,75,Male
856,40,17,71,Male
857,54,150,29,Female
858,70,38,74,Male
859,54,29,93,Male
860,27,59,73,Female
861,27,22,100,Male
862,36,85,48,Female
863,34,122,74,Female
864,38,129,83,Male
865,31,117,56,Male
866,26,139,95,Male
867,63,71,17,Female
868,18,44,9,Female
869,68,128,97,Female
870,62,131,34,Male
871,30,74,45,Male
872,21,112,88,Male
873,18,140,9,Male
874,66,108,7,Male
875,57,148,16,Male
876,49,136,19,Female
877,51,122,6,Female
878,45,18,11,Female
879,48,107,76,Male
880,25,20,61,Female
881,56,46,42,Female
882,43,120,13,Female
883,51,29,12,Male
884,20,136,85,Male
885,67,110,74,Female
886,29,20,20,Male
887,18,126,50,Male
888,61,134,36,Male
889,22,137,92,Male
890,47,81,88,Female
891,47,120,69,Male
892,34,57,37,Female
893,65,110,12,Female
894,64,146,99,Male
895,40,95,40,Male
896,32,55,54,Male
897,54,147,2,Female
898,38,49,50,Female
899,31,36,41,Female
900,19,126,45,Female
901,28,25,9,Female
902,68,17,62,Female
903,56,74,86,Female
904,55,90,47,Male
905,51,101,5,Female
906,55,28,76,Female
907,67,32,1,Female
908,51,127,44,Female
909,35,87,22,Male
910,47,37,38,Female
911,32,97,19,Female
912,44,139,80,Male
913,68,83,31,Male
914,51,61,67,Female
915,69,130,87,Female
916,55,44,42,Female
917,50,39,82,Female
918,41,126,26,Female
919,32,39,13,Female
920,47,88,58,Male
921,59,72,18,Male
922,68,108,67,Female
923,34,133,87,Female
924,22,141,3,Female
925,46,39,55,Male
926,21,92,89,Female
927,27,113,91,Male
928,34,130,58,Male
929,27,62,63,Female
930,34,24,91,Male
931,37,113,52,Female
932,41,25,89,Male
933,22,99,24,Female
934,51,149,72,Female
935,23,140,9,Male
936,70,78,37,Male
937,19,16,94,Male
938,30,90,83,Female
939,60,135,53,Male
940,60,56,80,Male
941,65,68,24,Female
942,28,89,21,Female
943,68,30,100,Male
944,64,32,40,Male
945,40,104,62,Male
946,33,20,70,Female
947,48,122,69,Female
948,28,62,14,Male
949,33,56,42,Female
950,25,90,50,Male
951,21,91,61,Male
952,57,146,4,Female
953,21,144,72,Male
954,42,73,88,Male
955,20,41,75,Female
956,49,93,17,Male
957,20,86,85,Male
958,44,21,57,Female
959,46,125,90,Male
960,49,133,48,Male
961,67,77,44,Female
962,68,138,45,Female
963,36,26,91,Female
964,38,57,80,Male
965,22,31,90,Female
966,35,77,33,Male
967,45,134,31,Female
968,59,50,47,Male
969,39,22,6,Male
970,38,83,72,Female
971,23,104,71,Male
972,18,50,34,Male
973,22,42,53,Female
974,58,132,14,Male
975,29,107,16,Male
976,43,90,43,Male
977,63,115,73,Female
978,51,28,74,Female
979,66,85,81,Female
980,31,138,12,Female
981,43,139,70,Female
982,62,51,19,Female
983,44,43,41,Female
984,26,33,53,Female
985,43,120,29,Male
986,64,35,70,Male
987,39,78,59,Male
988,64,41,89,Male
989,47,69,64,Female
990,60,43,24,Male
991,65,39,89,Male
992,34,84,16,Male
993,43,77,52,Male
994,53,144,80,Male
995,18,30,6,Female
996,25,114,37,Female
997,66,44,85,Male
998,52,59,4,Male
999,69,33,98,Male
1000,32,48,92,Male
1001,64,76,38,Female
1002,39,132,41,Male
1003,31,114,92,Female
1004,43,36,81,Male
1005,45,125,14,Female
1006,40,87,71,Female
1007,31,52,86,Female
1008,41,84,51,Male
1009,19,130,65,Male
1010,62,93,93,Female
1011,43,23,52,Male
1012,31,46,95,Male
1013,68,146,30,Female
1014,24,64,57,Male
1015,20,96,79,Female
1016,64,19,82,Male
1017,40,101,99,Male
1018,63,140,30,Female
1019,60,89,98,Female
1020,64,36,42,Female
1021,62,82,11,Female
1022,35,58,27,Male
1023,55,48,24,Male
1024,52,91,99,Male
1025,68,56,39,Female
1026,32,120,72,Male
1027,42,109,18,Male
1028,54,149,77,Male
1029,45,82,45,Female
1030,27,142,88,Female
1031,56,99,87,Male
1032,34,97,12,Male
1033,56,109,49,Female
1034,39,46,94,Female
1035,43,80,31,Female
1036,61,130,92,Female
1037,42,144,22,Male
1038,34,74,44,Female
1039,30,31,92,Male
1040,37,110,64,Female
1041,42,30,77,Male
1042,21,60,25,Male
1043,27,121,51,Female
1044,20,102,7,Male
1045,58,143,6,Male
1046,62,133,24,Male
1047,35,99,19,Female
1048,64,18,83,Female
1049,53,85,100,Female
1050,64,125,9,Male
1051,39,64,36,Male
1052,51,109,40,Male
1053,64,106,93,Male
1054,25,79,24,Female
1055,57,61,48,Male
1056,66,120,63,Male
1057,61,144,69,Male
1058,36,120,53,Female
1059,59,38,54,Male
1060,58,18,42,Female
1061,54,122,45,Female
1062,23,33,90,Male
1063,69,54,14,Male
1064,43,64,29,Male
1065,51,89,6,Male
1066,62,26,7,Female
1067,23,41,37,Female
1068,54,127,53,Female
1069,50,63,18,Female
1070,70,144,87,Female
1071,39,74,38,Female
1072,38,44,59,Female
1073,23,98,1,Female
1074,23,42,68,Female
1075,65,39,44,Female
1076,21,110,47,Male
1077,47,139,35,Male
1078,28,24,87,Male
1079,47,56,91,Female
1080,48,54,60,Male
1081,41,91,90,Female
1082,26,119,52,Female
1083,20,132,8,Male
1084,68,56,80,Female
1085,48,61,41,Male
1086,57,36,3,Female
1087,54,121,96,Female
1088,53,41,69,Male
1089,41,55,84,Male
1090,48,94,14,Male
1091,23,103,96,Male
1092,19,80,26,Male
1093,37,26,70,Male
1094,45,87,58,Female
1095,28,90,100,Female
1096,21,104,40,Female
1097,32,24,51,Female
1098,23,110,5,Male
1099,66,34,77,Female
1100,47,53,32,Female
1101,55,74,80,Male
1102,68,80,1,Female
1103,19,79,77,Male
1104,32,138,54,Male
1105,28,144,11,Male
1106,25,71,53,Female
1107,43,92,8,Male
1108,68,43,25,Female
1109,62,29,40,Female
1110,61,26,32,Female
1111,22,115,88,Male
1112,23,98,28,Male
1113,43,139,78,Male
1114,21,117,3,Female
1115,36,38,100,Female
1116,37,124,91,Male
1117,50,92,84,Female
1118,37,115,79,Male
1119,66,142,62,Male
1120,29,72,27,Female
1121,64,90,45,Female
1122,18,50,92,Male
1123,43,36,25,Female
1124,31,141,61,Male
1125,55,94,44,Male
1126,54,114,97,Female
1127,28,110,46,Male
1128,53,32,14,Female
1129,30,52,8,Male
1130,60,123,48,Female
1131,20,137,14,Female
1132,50,118,65,Male
1133,23,95,80,Female
1134,67,101,82,Female
1135,27,75,7,Male
1136,22,60,79,Female
1137,40,46,88,Male
1138,27,29,49,Female
1139,61,58,55,Male
1140,19,68,13,Male
1141,30,58,73,Male
1142,57,112,56,Male
1143,19,19,56,Female
1144,37,123,15,Male
1145,18,41,57,Female
1146,54,130,58,Male
1147,26,101,35,Female
1148,34,118,88,Male
1149,26,137,97,Female
1150,28,93,16,Female
1151,32,57,8,Male
1152,41,111,93,Male
1153,55,45,87,Male
1154,52,113,45,Female
1155,47,31,95,Female
1156,48,97,40,Female
1157,66,124,54,Female
1158,22,46,14,Male
1159,61,49,59,Male
1160,67,147,94,Male
1161,31,43,53,Male
1162,70,84,27,Female
1163,28,109,47,Female
1164,26,36,80,Male
1165,51,83,6,Female
1166,29,103,55,Male
1167,52,86,97,Female
1168,52,143,44,Female
1169,18,101,18,Female
1170,57,110,16,Female
1171,39,89,12,Female
1172,46,68,20,Female
1173,25,102,45,Male
1174,28,68,64,Female
1175,58,30,59,Male
1176,54,113,93,Male
1177,31,34,94,Male
1178,47,60,90,Male
1179,52,141,22,Male
1180,38,72,97,Male
1181,54,125,47,Female
1182,22,143,29,Female
1183,36,95,86,Female
1184,31,98,45,Male
1185,43,84,77,Male
1186,21,22,9,Male
1187,42,43,24,Female
1188,62,126,15,Female
1189,59,145,36,Female
1190,42,122,13,Male
1191,35,123,91,Male
1192,57,34,44,Male
1193,25,87,71,Female
1194,56,18,72,Male
1195,57,33,78,Male
1196,31,116,76,Male
1197,49,100,36,Male
1198,68,66,61,Female
1199,55,125,81,Female
1200,50,123,40,Male
1201,40,100,93,Male
1202,32,57,27,Female
1203,50,56,1,Female
1204,42,104,34,Male
1205,34,129,68,Female
1206,50,40,88,Female
1207,64,57,21,Male
1208,19,91,33,Female
1209,31,34,7,Female
1210,70,53,65,Female
1211,57,26,3,Female
1212,57,25,51,Male
1213,68,56,79,Female
1214,56,25,95,Female
1215,68,52,54,Male
1216,23,112,80,Female
1217,23,33,74,Male
1218,20,148,93,Male
1219,24,130,59,Female
1220,68,127,6,Female
1221,25,79,29,Female
1222,59,113,17,Female
1223,69,86,60,Female
1224,32,66,22,Male
1225,64,132,24,Female
1226,46,134,81,Male
1227,50,21,85,Female
1228,69,25,51,Male
1229,47,117,50,Female
1230,56,75,11,Female
1231,44,82,56,Female
1232,53,116,71,Female
1233,46,124,42,Female
1234,55,65,39,Male
1235,50,131,69,Female
1236,54,60,48,Female
1237,44,67,57,Female
1238,50,102,21,Male
1239,21,135,82,Female
1240,39,27,99,Male
1241,19,103,20,Female
1242,27,139,15,Male
1243,22,132,69,Female
1244,27,68,77,Female
1245,50,130,51,Male
1246,55,132,76,Female
1247,30,18,62,Male
1248,48,89,85,Female
1249,64,63,37,Female
1250,53,21,6,Male
1251,62,124,71,Female
1252,41,136,26,Male
1253,69,25,8,Male
1254,32,106,73,Female
1255,46,37,91,Female
1256,25,42,4,Female
1257,22,125,21,Male
1258,46,71,31,Male
1259,64,40,21,Female
1260,21,68,25,Male
1261,29,43,15,Male
1262,62,111,35,Male
1263,19,28,49,Male
1264,44,92,43,Female
1265,48,49,41,Female
1266,68,44,37,Female
1267,68,106,57,Male
1268,53,31,42,Male
1269,53,107,47,Male
1270,43,93,92,Male
1271,60,124,61,Female
1272,44,116,14,Male
1273,22,120,68,Male
1274,37,61,53,Female
1275,28,78,84,Female
1276,27,78,34,Female
1277,57,101,76,Male
1278,55,21,97,Male
1279,23,36,24,Male
1280,25,95,20,Male
1281,40,88,69,Male
1282,64,149,30,Male
1283,43,139,88,Female
1284,63,64,7,Male
1285,60,66,36,Female
1286,29,15,38,Female
1287,43,18,80,Female
1288,30,146,52,Male
1289,57,18,15,Male
1290,35,15,46,Female
1291,42,85,23,Male
1292,50,49,12,Male
1293,64,22,93,Female
1294,57,50,44,Male
1295,60,137,15,Male
1296,29,57,93,Male
1297,61,41,49,Male
1298,53,46,21,Female
1299,65,92,15,Female
1300,21,135,14,Male
1301,22,30,42,Male
1302,54,113,80,Male
1303,25,61,15,Female
1304,59,45,63,Male
1305,66,18,68,Male
1306,45,31,27,Female
1307,48,53,87,Male
1308,26,62,93,Female
1309,68,53,53,Male
1310,46,146,52,Female
1311,31,44,63,Male
1312,57,36,73,Male
1313,58,80,53,Female
1314,39,122,57,Female
1315,28,26,52,Female
1316,40,50,43,Female
1317,18,32,7,Female
1318,63,104,42,Male
1319,54,15,4,Female
1320,38,141,69,Female
1321,43,104,5,Female
1322,63,101,75,Female
1323,53,104,92,Male
1324,40,148,80,Male
1325,18,84,41,Male
1326,68,58,94,Male
1327,57,100,4,Male
1328,32,33,2,Female
1329,38,115,67,Male
1330,64,109,21,Male
1331,26,115,70,Female
1332,70,44,43,Female
1333,26,47,82,Male
1334,27,26,69,Male
1335,69,132,9,Female
1336,70,108,84,Male
1337,43,90,28,Female
1338,58,43,26,Female
1339,52,131,82,Male
1340,69,29,83,Male
1341,42,16,3,Male
1342,43,131,73,Female
1343,28,32,100,Female
1344,55,17,95,Male
1345,19,149,49,Male
1346,24,122,17,Male
1347,35,109,63,Female
1348,44,136,55,Female
1349,51,25,23,Female
1350,44,82,34,Male
1351,34,137,69,Female
1352,60,127,15,Female
1353,61,112,47,Male
1354,68,107,3,Female
1355,41,36,83,Male
1356,42,141,28,Female
1357,24,148,3,Male
1358,69,39,4,Male
1359,23,99,88,Female
1360,70,69,31,Male
1361,41,109,45,Female
1362,50,133,59,Male
1363,66,23,45,Male
1364,46,56,75,Male
1365,60,67,37,Female
1366,39,88,65,Male
1367,43,53,9,Male
1368,45,136,17,Female
1369,67,29,65,Male
1370,38,137,3,Male
1371,66,125,26,Male
1372,24,145,53,Male
1373,34,97,31,Female
1374,37,24,26,Male
1375,58,106,23,Male
1376,66,43,30,Female
1377,37,49,10,Male
1378,39,20,72,Male
1379,45,125,89,Female
1380,57,52,64,Female
1381,66,91,22,Female
1382,24,107,15,Female
1383,18,81,56,Male
1384,49,150,74,Female
1385,30,22,20,Male
1386,47,136,47,Female
1387,40,98,87,Male
1388,68,146,53,Female
1389,36,99,53,Female
1390,49,59,1,Male
1391,47,150,2,Female
1392,46,101,58,Female
1393,66,30,19,Female
1394,62,91,62,Male
1395,46,23,78,Female
1396,47,74,72,Female
1397,33,92,12,Male
1398,57,91,26,Male
1399,36,85,27,Female
1400,35,29,29,Male
1401,18,85,15,Male
1402,31,116,46,Male
1403,68,36,1,Female
1404,64,127,60,Female
1405,67,15,92,Male
1406,19,24,57,Female
1407,45,124,3,Male
1408,66,127,18,Female
1409,67,64,52,Male
1410,47,26,60,Female
1411,55,103,34,Male
1412,68,126,96,Female
1413,21,92,93,Female
1414,18,135,89,Male
1415,25,37,60,Female
1416,46,148,26,Female
1417,56,39,72,Female
1418,20,32,19,Female
1419,49,57,22,Female
1420,27,92,93,Female
1421,27,42,33,Female
1422,36,73,38,Female
1423,63,77,35,Male
1424,51,106,67,Female
1425,50,70,83,Male
1426,40,125,10,Female
1427,45,82,91,Male
1428,49,60,15,Female
1429,67,81,11,Male
1430,24,150,90,Male
1431,46,20,24,Female
1432,25,38,77,Male
1433,18,108,96,Female
1434,20,27,4,Female
1435,41,39,13,Male
1436,40,132,73,Female
1437,25,96,57,Male
1438,64,125,98,Male
1439,54,96,37,Female
1440,20,80,48,Female
1441,68,59,71,Female
1442,50,128,1,Female
1443,45,77,60,Female
1444,64,90,12,Male
1445,25,128,21,Male
1446,51,125,11,Female
1447,52,49,44,Female
1448,49,67,58,Female
1449,41,40,44,Male
1450,31,28,78,Male
1451,49,132,98,Male
1452,63,59,34,Female
1453,60,65,25,Female
1454,33,133,4,Male
1455,21,33,64,Female
1456,69,96,90,Female
1457,54,90,16,Male
1458,38,106,10,Male
1459,31,47,66,Female
1460,48,42,35,Male
1461,65,137,83,Female
1462,35,140,6,Male
1463,24,51,19,Male
1464,27,113,59,Female
1465,24,112,53,Female
1466,50,141,8,Male
1467,40,94,78,Female
1468,38,52,10,Male
1469,36,91,67,Female
1470,65,140,38,Male
1471,36,101,29,Male
1472,53,68,15,Male
1473,46,30,87,Female
1474,35,42,23,Male
1475,19,60,82,Male
1476,18,86,46,Male
1477,64,99,83,Male
1478,22,40,28,Female
1479,37,99,26,Female
1480,28,79,10,Male
1481,59,148,47,Male
1482,19,129,4,Female
1483,20,78,55,Male
1484,40,101,66,Female
1485,29,121,67,Male
1486,37,110,7,Female
1487,22,91,55,Male
1488,54,101,80,Female
1489,55,71,31,Female
1490,47,117,74,Female
1491,26,105,19,Male
1492,51,59,28,Female
1493,70,102,81,Female
1494,61,129,28,Male
1495,52,61,19,Male
1496,69,149,87,Male
1497,39,64,20,Male
1498,61,98,13,Female
1499,41,105,77,Male
1500,34,148,43,Male
1501,27,105,11,Male
1502,47,123,48,Male
1503,63,71,15,Male
1504,40,45,17,Male
1505,49,35,54,Male
1506,34,104,50,Female
1507,67,54,28,Female
1508,68,126,83,Female
1509,34,59,4,Female
1510,31,91,22,Female
1511,26,101,86,Male
1512,57,115,39,Male
1513,19,131,34,Male
1514,62,106,97,Male
1515,42,42,44,Female
1516,56,39,42,Female
1517,26,72,40,Male
1518,39,55,97,Male
1519,60,148,12,Female
1520,63,89,2,Female
1521,21,52,28,Female
1522,43,148,74,Male
1523,46,89,86,Male
1524,62,80,81,Female
1525,51,17,90,Female
1526,40,131,67,Male
1527,54,113,71,Male
1528,28,33,72,Male
1529,23,130,84,Male
1530,35,139,76,Female
1531,38,102,99,Female
1532,59,49,81,Female
1533,53,15,92,Male
1534,58,140,10,Male
1535,55,103,86,Male
1536,51,39,57,Female
1537,34,30,97,Female
1538,54,87,86,Female
1539,42,143,37,Male
1540,55,56,77,Male
1541,29,94,91,Female
1542,40,118,64,Male
1543,70,48,79,Female
1544,59,103,86,Female
1545,39,139,94,Female
1546,38,59,40,Female
1547,44,148,98,Male
1548,48,35,60,Male
1549,23,136,98,Male
1550,44,84,48,Male
1551,57,110,99,Male
1552,51,119,19,Male
1553,29,62,72,Female
1554,62,53,33,Male
1555,70,45,44,Male
1556,24,24,92,Male
1557,27,44,37,Female
1558,62,32,89,Male
1559,34,102,36,Female
1560,43,139,81,Male
1561,38,87,88,Male
1562,45,29,21,Male
1563,63,18,2,Female
1564,19,23,31,Female
1565,60,123,97,Male
1566,18,146,30,Male
1567,68,30,76,Male
1568,70,113,44,Female
1569,53,135,12,Female
1570,68,66,51,Male
1571,43,83,49,Female
1572,46,19,24,Female
1573,38,34,24,Female
1574,28,93,60,Female
1575,57,125,11,Male
1576,28,16,13,Male
1577,53,107,91,Female
1578,66,27,72,Female
1579,56,18,74,Female
1580,57,123,72,Male
1581,52,88,64,Male
1582,51,109,20,Female
1583,64,119,72,Female
1584,41,22,73,Female
1585,39,81,71,Female
1586,22,124,78,Male
1587,50,23,28,Male
1588,53,131,2,Male
1589,64,25,43,Male
1590,37,113,8,Male
1591,36,56,13,Male
1592,52,134,85,Female
1593,69,26,92,Female
1594,60,51,35,Male
1595,34,88,23,Male
1596,62,87,46,Male
1597,60,66,15,Female
1598,51,144,2,Female
1599,26,70,61,Female
1600,43,74,76,Female
1601,19,37,64,Male
1602,70,117,52,Female
1603,26,54,36,Male
1604,26,78,67,Female
1605,57,99,69,Female
1606,34,103,67,Female
1607,18,45,47,Female
1608,42,34,83,Male
1609,60,144,2,Male
1610,57,27,44,Male
1611,59,136,64,Male
1612,42,117,81,Male
1613,56,120,78,Male
1614,52,133,28,Male
1615,20,84,91,Female
1616,67,113,54,Male
1617,54,96,74,Female
1618,61,89,67,Male
1619,61,132,36,Female
1620,68,98,63,Male
1621,47,83,25,Female
1622,55,73,86,Male
1623,51,140,48,Male
1624,29,125,39,Male
1625,36,76,47,Male
1626,54,142,94,Female
1627,61,119,21,Male
1628,66,82,30,Male
1629,34,29,92,Female
1630,27,49,31,Male
1631,66,28,26,Female
1632,64,116,22,Female
1633,29,114,21,Male
1634,33,21,1,Male
1635,41,44,37,Female
1636,36,63,77,Male
1637,25,125,85,Female
1638,48,86,46,Male
1639,38,94,9,Male
1640,34,97,17,Female
1641,40,56,47,Male
1642,54,31,85,Male
1643,33,21,95,Male
1644,23,24,59,Female
1645,25,48,54,Male
1646,42,50,86,Female
1647,35,20,12,Male
1648,42,148,64,Female
1649,29,43,6,Male
1650,32,140,53,Male
1651,43,95,16,Female
1652,58,89,90,Male
1653,62,40,5,Female
1654,43,141,73,Male
1655,64,129,46,Female
1656,49,140,14,Male
1657,27,42,44,Female
1658,33,145,63,Male
1659,24,89,94,Female
1660,34,92,52,Female
1661,40,104,26,Male
1662,43,35,53,Female
1663,38,68,29,Female
1664,39,117,19,Male
1665,24,73,47,Male
1666,31,86,8,Male
1667,32,34,23,Male
1668,70,126,35,Male
1669,24,73,95,Male
1670,26,85,53,Female
1671,68,123,99,Female
1672,65,143,96,Female
1673,25,70,58,Male
1674,67,49,5,Male
1675,40,137,16,Female
1676,46,145,17,Female
1677,35,118,32,Male
1678,48,21,96,Female
1679,47,41,52,Male
1680,69,15,20,Male
1681,56,101,66,Female
1682,52,55,84,Male
1683,35,137,82,Male
1684,59,89,1,Male
1685,56,56,58,Male
1686,34,131,93,Female
1687,31,77,93,Male
1688,48,141,83,Male
1689,41,147,44,Female
1690,52,62,6,Male
1691,61,17,50,Male
1692,62,130,72,Female
1693,51,113,88,Female
1694,20,130,20,Male
1695,54,28,14,Male
1696,60,126,5,Female
1697,57,75,41,Male
1698,43,109,40,Male
1699,40,31,34,Male
1700,61,138,80,Female
1701,56,38,45,Male
1702,32,130,71,Female
1703,66,96,80,Female
1704,21,64,71,Female
1705,46,93,27,Female
1706,39,93,78,Male
1707,42,84,78,Female
1708,30,41,44,Male
1709,35,29,33,Female
1710,50,64,33,Female
1711,33,50,44,Male
1712,62,22,20,Female
1713,59,93,36,Female
1714,61,145,7,Male
1715,19,61,32,Female
1716,52,119,67,Female
1717,59,112,39,Female
1718,51,110,93,Male
1719,47,130,24,Female
1720,30,27,86,Male
1721,30,15,70,Male
1722,35,48,88,Male
1723,49,93,87,Female
1724,49,92,54,Female
1725,52,135,38,Female
1726,56,107,74,Female
1727,63,112,80,Male
1728,69,96,75,Male
1729,46,52,32,Female
1730,66,28,45,Female
1731,46,150,61,Male
1732,70,105,70,Female
1733,61,68,88,Female
1734,33,144,97,Female
1735,61,115,53,Female
1736,64,103,51,Female
1737,27,70,76,Female
1738,47,108,56,Male
1739,42,107,27,Male
1740,56,98,38,Male
1741,37,99,62,Male
1742,22,36,18,Female
1743,18,49,64,Female
1744,47,30,77,Male
1745,66,64,30,Male
1746,20,136,49,Male
1747,62,142,41,Male
1748,31,127,13,Male
1749,47,31,34,Female
1750,67,94,100,Female
1751,21,144,94,Male
1752,35,146,25,Male
1753,54,99,66,Female
1754,42,108,100,Female
1755,65,148,18,Female
1756,18,95,5,Male
1757,70,83,19,Female
1758,63,83,42,Male
1759,32,30,18,Male
1760,26,65,32,Female
1761,32,119,21,Female
1762,66,80,10,Female
1763,41,23,37,Male
1764,21,121,49,Female
1765,29,114,86,Female
1766,54,100,13,Male
1767,54,78,55,Female
1768,60,36,17,Female
1769,23,124,9,Male
1770,56,111,88,Male
1771,63,32,44,Male
1772,41,85,78,Male
1773,28,141,46,Male
1774,30,111,8,Female
1775,51,15,37,Female
1776,42,146,19,Male
1777,24,18,63,Female
1778,69,139,92,Female
1779,21,96,46,Male
1780,25,41,94,Male
1781,37,73,71,Male
1782,46,46,26,Female
1783,70,42,46,Male
1784,68,120,46,Female
1785,62,119,75,Female
1786,63,84,14,Female
1787,27,76,85,Female
1788,60,48,63,Male
1789,51,101,72,Female
1790,43,128,3,Male
1791,58,120,28,Female
1792,66,70,29,Male
1793,20,127,87,Male
1794,23,27,18,Male
1795,22,32,35,Female
1796,22,127,77,Female
1797,64,53,76,Female
1798,40,93,47,Male
1799,66,44,5,Female
1800,26,112,75,Female
1801,52,72,59,Female
1802,37,81,75,Male
1803,66,85,59,Female
1804,59,120,47,Female
1805,52,21,95,Male
1806,67,54,95,Male
1807,35,84,13,Male
1808,34,82,78,Male
1809,41,63,89,Male
1810,20,66,33,Male
1811,49,128,97,Female
1812,52,121,62,Female
1813,55,43,79,Male
1814,30,92,16,Female
1815,64,23,44,Male
1816,42,90,58,Female
1817,26,56,6,Male
1818,21,142,89,Male
1819,31,34,15,Female
1820,54,86,4,Female
1821,51,79,56,Female
1822,28,127,64,Female
1823,58,38,68,Female
1824,20,142,94,Female
1825,45,97,34,Female
1826,46,77,91,Female
1827,26,74,95,Male
1828,20,113,56,Female
1829,42,76,32,Female
1830,51,44,9,Male
1831,29,36,63,Male
1832,59,140,72,Male
1833,26,56,78,Male
1834,32,112,33,Female
1835,57,45,87,Female
1836,42,126,21,Male
1837,22,136,55,Male
1838,28,31,76,Female
1839,51,52,57,Female
1840,41,124,2,Female
1841,32,36,13,Female
1842,55,70,4,Male
1843,25,133,84,Female
1844,22,71,50,Male
1845,65,49,48,Male
1846,43,128,78,Male
1847,35,139,30,Female
1848,23,143,29,Male
1849,54,66,8,Female
1850,65,99,12,Male
1851,30,79,41,Female
1852,45,143,26,Male
1853,22,35,50,Male
1854,30,30,2,Female
1855,34,137,55,Female
1856,67,75,56,Male
1857,57,68,14,Male
1858,62,40,6,Female
1859,49,94,95,Male
1860,46,79,81,Female
1861,68,114,89,Female
1862,20,88,61,Male
1863,57,31,96,Female
1864,51,135,12,Male
1865,57,37,13,Female
1866,44,149,19,Female
1867,30,85,44,Male
1868,62,122,89,Female
1869,50,93,95,Male
1870,23,60,59,Female
1871,41,92,37,Female
1872,36,30,25,Female
1873,33,85,16,Female
1874,57,110,38,Male
1875,45,16,43,Female
1876,50,24,87,Female
1877,65,139,14,Female
1878,58,95,6,Male
1879,30,84,89,Male
1880,60,46,23,Male
1881,62,119,60,Male
1882,42,98,12,Female
1883,70,143,13,Female
1884,59,72,100,Female
1885,53,148,98,Male
1886,44,59,6,Male
1887,55,111,63,Female
1888,24,37,38,Female
1889,22,37,50,Female
1890,60,149,52,Male
1891,62,93,40,Female
1892,68,58,8,Female
1893,48,41,61,Male
1894,40,40,8,Male
1895,59,111,97,Female
1896,27,50,34,Male
1897,49,123,79,Female
1898,60,69,100,Female
1899,70,83,60,Female
1900,47,75,57,Female
1901,56,144,99,Male
1902,48,69,46,Male
1903,35,136,22,Male
1904,53,111,87,Female
1905,19,94,40,Female
1906,31,101,45,Female
1907,30,52,55,Male
1908,46,133,51,Male
1909,29,92,86,Female
1910,56,49,5,Male
1911,19,93,95,Male
1912,49,81,13,Male
1913,30,101,28,Male
1914,63,48,84,Female
1915,44,111,97,Male
1916,66,85,80,Female
1917,58,17,62,Male
1918,34,72,93,Female
1919,57,46,87,Female
1920,48,45,24,Male
1921,51,96,98,Female
1922,41,57,7,Female
1923,62,149,38,Male
1924,52,119,37,Female
1925,65,15,68,Male
1926,23,75,98,Female
1927,36,28,42,Male
1928,47,20,86,Male
1929,24,117,5,Male
1930,27,24,64,Male
1931,58,85,50,Male
1932,49,104,87,Female
1933,51,140,15,Female
1934,45,111,95,Male
1935,32,88,73,Female
1936,47,129,53,Female
1937,54,65,25,Female
1938,46,70,89,Male
1939,39,55,85,Male
1940,21,46,9,Female
1941,37,29,38,Male
1942,49,76,22,Male
1943,53,42,87,Female
1944,67,78,49,Male
1945,21,144,68,Male
1946,44,141,93,Male
1947,34,50,15,Male
1948,29,128,65,Male
1949,39,27,54,Female
1950,34,29,30,Male
1951,27,103,93,Male
1952,18,36,20,Female
1953,39,88,33,Female
1954,43,39,100,Male
1955,35,115,86,Female
1956,67,131,77,Male
1957,31,55,7,Female
1958,64,102,8,Male
1959,46,124,28,Female
1960,29,134,45,Male
1961,53,111,73,Female
1962,52,71,89,Male
1963,69,144,80,Male
1964,29,110,74,Male
1965,24,135,11,Female
1966,46,76,31,Female
1967,28,82,12,Male
1968,50,95,95,Male
1969,23,31,78,Male
1970,64,131,51,Male
1971,32,64,44,Female
1972,49,126,96,Female
1973,68,108,50,Female
1974,28,99,17,Male
1975,40,88,35,Male
1976,43,123,1,Female
1977,51,32,29,Female
1978,63,56,51,Female
1979,51,115,64,Female
1980,46,59,4,Male
1981,21,96,87,Male
1982,34,31,28,Male
1983,52,87,16,Female
1984,30,28,63,Male
1985,58,146,76,Female
1986,56,96,53,Female
1987,32,134,85,Female
1988,46,134,17,Female
1989,46,61,40,Female
1990,28,121,13,Male
1991,69,122,52,Male
1992,49,23,58,Male
1993,19,93,96,Female
1994,64,29,37,Male
1995,31,33,79,Female
1996,37,104,76,Male
1997,39,40,61,Female
1998,28,106,79,Female
1999,44,96,34,Male
2000,20,145,70,Female
2001,34,56,17,Male
2002,61,33,20,Male
2003,45,31,73,Male
2004,46,90,59,Female
2005,38,77,69,Female
2006,64,145,87,Female
2007,33,121,33,Female
2008,54,63,78,Male
2009,37,69,17,Female
2010,23,113,57,Male
2011,36,66,83,Male
2012,22,114,97,Female
2013,20,131,1,Female
2014,18,132,13,Male
2015,55,21,27,Female
2016,32,60,70,Male
2017,51,60,59,Female
2018,52,114,6,Female
2019,66,68,97,Male
2020,42,76,94,Male
2021,41,143,99,Male
2022,29,63,23,Female
2023,35,39,10,Female
2024,32,24,51,Female
2025,61,132,19,Male
2026,33,106,51,Male
2027,44,148,92,Female
2028,25,94,87,Male
2029,63,85,68,Female
2030,42,92,84,Male
2031,34,57,83,Female
2032,46,104,42,Female
2033,70,92,91,Female
2034,25,40,57,Male
2035,32,135,98,Male
2036,44,59,68,Female
2037,63,77,38,Female
2038,67,82,62,Female
2039,69,16,7,Female
2040,24,122,71,Female
2041,20,44,50,Female
2042,46,63,52,Male
2043,61,58,26,Male
2044,70,27,26,Male
2045,41,92,19,Male
2046,20,140,9,Female
2047,37,112,61,Female
2048,63,40,20,Female
2049,32,62,50,Male
2050,42,80,80,Male
2051,47,101,81,Female
2052,31,93,22,Male
2053,24,37,13,Male
2054,34,95,12,Female
2055,61,62,10,Female
2056,37,138,65,Female
2057,53,144,96,Male
2058,26,98,30,Female
2059,55,34,8,Female
2060,65,60,21,Female
2061,39,145,22,Male
2062,70,26,18,Male
2063,70,54,66,Female
2064,19,80,48,Female
2065,41,114,44,Male
2066,25,92,9,Male
2067,28,30,67,Female
2068,30,97,54,Male
2069,34,58,26,Female
2070,25,148,85,Female
2071,38,114,94,Male
2072,35,36,92,Female
2073,47,32,100,Female
2074,35,26,26,Male
2075,63,137,34,Female
2076,64,131,8,Male
2077,48,65,10,Female
2078,55,85,48,Female
2079,49,62,55,Male
2080,28,33,54,Male
2081,62,20,78,Male
2082,42,98,40,Male
2083,50,67,15,Male
2084,55,121,81,Male
2085,58,115,18,Female
2086,25,62,96,Male
2087,28,149,23,Female
2088,39,83,62,Male
2089,68,25,46,Female
2090,41,145,87,Female
2091,58,136,99,Male
2092,34,83,39,Female
2093,29,37,15,Female
2094,63,51,53,Female
2095,49,23,88,Male
2096,32,29,64,Male
2097,33,145,63,Female
2098,39,107,92,Male
2099,45,31,80,Male
2100,37,86,16,Female
2101,50,135,70,Female
2102,27,25,66,Male
2103,57,86,13,Male
2104,49,120,47,Male
2105,67,139,9,Female
2106,50,49,63,Male
2107,19,133,34,Male
2108,50,28,81,Male
2109,50,28,91,Female
2110,58,24,29,Female
2111,30,52,37,Female
2112,47,122,43,Male
2113,50,133,86,Male
2114,30,48,64,Female
2115,69,24,24,Male
2116,43,136,71,Male
2117,39,129,34,Male
2118,56,15,48,Female
2119,19,26,12,Male
2120,55,117,23,Male
2121,56,18,79,Female
2122,43,112,97,Male
2123,63,120,13,Female
2124,67,99,87,Male
2125,32,135,96,Female
2126,51,146,45,Female
2127,59,96,99,Male
2128,61,33,65,Male
2129,66,144,47,Female
2130,57,26,58,Male
2131,28,95,5,Female
2132,20,88,77,Male
2133,23,112,5,Male
2134,26,20,60,Male
2135,23,150,96,Male
2136,26,139,21,Female
2137,56,65,24,Female
2138,48,25,18,Male
2139,49,141,21,Male
2140,58,87,54,Male
2141,67,16,10,Male
2142,29,22,24,Male
2143,25,138,85,Female
2144,25,67,89,Female
2145,67,24,60,Male
2146,45,126,57,Female
2147,37,22,23,Female
2148,64,50,22,Male
2149,24,120,68,Female
2150,28,28,34,Female
2151,37,100,70,Female
2152,33,64,28,Female
2153,21,34,95,Male
2154,23,101,99,Female
2155,39,149,39,Female
2156,43,143,42,Female
2157,20,52,23,Male
2158,58,58,70,Female
2159,59,100,80,Female
2160,31,58,2,Female
2161,28,88,24,Male
2162,35,133,17,Male
2163,29,136,65,Male
2164,40,148,70,Male
2165,29,65,69,Male
2166,30,52,60,Female
2167,42,65,50,Male
2168,62,24,93,Female
2169,68,134,12,Male
2170,36,84,47,Male
2171,63,99,67,Male
2172,53,71,65,Female
2173,62,140,27,Female
2174,25,53,48,Female
2175,46,47,88,Male
2176,70,32,62,Male
2177,49,71,44,Male
2178,68,110,19,Male
2179,61,62,59,Male
2180,35,56,8,Male
2181,23,41,55,Female
2182,35,88,47,Female
2183,36,124,2,Male
2184,39,46,94,Female
2185,54,40,94,Female
2186,49,39,39,Female
2187,58,89,45,Male
2188,20,37,32,Male
2189,45,71,65,Male
2190,27,140,38,Male
2191,68,101,77,Female
2192,52,45,11,Male
2193,46,78,10,Male
2194,32,47,59,Male
2195,50,16,90,Female
2196,24,32,55,Female
2197,29,98,20,Female
2198,66,49,81,Female
2199,47,128,17,Female
2200,38,124,68,Male
2201,48,102,5,Female
2202,41,86,60,Female
2203,37,139,23,Male
2204,54,44,46,Male
2205,21,67,52,Male
2206,45,101,10,Female
2207,61,27,46,Male
2208,37,54,28,Female
2209,41,103,97,Male
2210,67,82,43,Female
2211,66,56,26,Female
2212,68,108,55,Female
2213,49,33,48,Female
2214,58,37,29,Male
2215,53,68,27,Male
2216,70,79,18,Female
2217,51,38,60,Male
2218,53,48,74,Female
2219,19,67,69,Male
2220,32,150,74,Male
2221,51,32,21,Female
2222,53,71,24,Female
2223,23,126,3,Male
2224,56,19,95,Female
2225,59,27,62,Male
2226,68,97,2,Male
2227,68,43,66,Male
2228,29,17,42,Female
2229,20,104,34,Female
2230,62,118,42,Male
2231,35,137,20,Female
2232,57,90,97,Female
2233,38,144,68,Male
2234,32,122,45,Female
2235,50,96,75,Female
2236,52,91,42,Male
2237,43,16,47,Female
2238,25,141,5,Male
2239,53,149,89,Female
2240,65,40,49,Female
2241,47,102,37,Male
2242,40,30,34,Male
2243,59,87,73,Female
2244,61,46,70,Male
2245,31,29,18,Male
2246,31,19,78,Female
2247,19,88,19,Male
2248,54,66,78,Female
2249,22,91,40,Female
2250,55,124,17,Male
2251,62,120,60,Female
2252,58,141,99,Male
2253,64,21,93,Female
2254,31,54,42,Male
2255,56,113,81,Male
2256,42,99,72,Female
2257,37,79,65,Male
2258,19,146,53,Male
2259,56,25,100,Male
2260,23,122,7,Female
2261,34,40,5,Female
2262,42,99,24,Male
2263,45,137,28,Male
2264,19,82,62,Female
2265,52,118,17,Female
2266,54,94,20,Female
2267,22,67,3,Male
2268,18,120,37,Female
2269,57,58,90,Male
2270,29,104,15,Female
2271,53,115,51,Male
2272,62,111,48,Female
2273,40,23,8,Male
2274,64,26,13,Female
2275,48,83,48,Female
2276,28,42,3,Male
2277,27,70,65,Female
2278,20,113,73,Female
2279,31,124,31,Female
2280,33,91,26,Female
2281,27,117,81,Male
2282,46,120,56,Male
2283,27,123,34,Female
2284,29,126,9,Male
2285,47,72,62,Male
2286,58,92,13,Male
2287,18,89,69,Male
2288,22,56,41,Male
2289,37,82,77,Female
2290,25,47,1,Male
2291,60,85,89,Female
2292,29,70,47,Male
2293,18,119,4,Female
2294,37,115,100,Female
2295,45,65,63,Female
2296,60,88,52,Male
2297,54,135,10,Male
2298,64,19,28,Female
2299,54,97,6,Female
2300,29,65,27,Male
2301,54,24,12,Male
2302,66,18,62,Female
2303,66,109,52,Male
2304,61,94,48,Male
2305,45,50,67,Male
2306,64,39,46,Male
2307,32,112,97,Male
2308,23,115,74,Male
2309,61,23,95,Female
2310,37,75,15,Female
2311,67,67,71,Female
2312,31,77,36,Female
2313,19,135,14,Female
2314,26,119,78,Female
2315,54,18,3,Male
2316,37,107,67,Male
2317,43,42,86,Female
2318,46,94,19,Female
2319,18,90,99,Female
2320,52,130,76,Male
2321,23,83,54,Male
2322,54,112,69,Male
2323,70,15,10,Male
2324,22,110,33,Female
2325,50,31,13,Female
2326,66,126,99,Female
2327,68,105,51,Female
2328,31,102,32,Male
2329,29,104,75,Male
2330,59,63,24,Female
2331,37,52,35,Male
2332,70,146,83,Male
2333,67,73,70,Male
2334,41,82,40,Male
2335,60,144,54,Female
2336,51,63,44,Male
2337,42,140,62,Female
2338,67,125,99,Male
2339,46,62,68,Male
2340,56,65,33,Female
2341,48,57,77,Female
2342,64,112,56,Male
2343,60,138,36,Male
2344,67,94,54,Female
2345,40,125,19,Male
2346,61,41,43,Male
2347,55,127,12,Female
2348,37,100,11,Male
2349,40,128,70,Male
2350,62,138,12,Male
2351,69,63,91,Male
2352,33,90,41,Male
2353,67,69,25,Female
2354,59,70,3,Male
2355,25,109,3,Female
2356,67,58,84,Female
2357,38,101,28,Male
2358,18,98,23,Female
2359,25,30,48,Male
2360,46,51,67,Female
2361,49,91,42,Female
2362,55,59,88,Female
2363,22,76,40,Male
2364,64,114,6,Female
2365,39,66,20,Female
2366,64,33,11,Female
2367,51,123,96,Male
2368,18,58,27,Male
2369,43,21,21,Female
2370,60,131,13,Female
2371,27,82,86,Female
2372,47,48,35,Female
2373,67,83,47,Male
2374,35,69,86,Male
2375,34,24,28,Male
2376,43,56,21,Female
2377,25,55,18,Male
2378,64,136,31,Female
2379,57,24,60,Female
2380,66,116,37,Female
2381,29,142,21,Male
2382,44,150,14,Female
2383,25,106,89,Male
2384,42,127,91,Female
2385,63,92,60,Male
2386,21,99,23,Female
2387,50,44,95,Male
2388,18,63,29,Female
2389,36,23,47,Male
2390,48,83,30,Female
2391,33,72,90,Female
2392,31,76,84,Female
2393,70,66,38,Male
2394,65,54,83,Female
2395,22,77,27,Female
2396,58,64,89,Female
2397,43,92,87,Male
2398,45,111,93,Female
2399,19,57,15,Female
2400,67,50,59,Male
2401,23,136,3,Female
2402,26,122,10,Male
2403,50,24,79,Female
2404,58,109,80,Male
2405,42,20,17,Male
2406,65,71,83,Male
2407,30,143,11,Female
2408,26,85,48,Female
2409,70,35,5,Male
2410,30,106,69,Female
2411,48,141,64,Female
2412,58,94,14,Male
2413,28,70,50,Male
2414,21,130,26,Male
2415,51,39,72,Male
2416,55,19,69,Female
2417,63,134,7,Female
2418,21,35,16,Female
2419,55,32,55,Female
2420,36,71,78,Female
2421,23,107,56,Female
2422,51,33,4,Male
2423,35,142,100,Female
2424,30,111,48,Female
2425,58,145,17,Female
2426,40,35,36,Male
2427,36,54,70,Male
2428,62,81,80,Female
2429,28,141,93,Male
2430,18,69,100,Male
2431,41,123,38,Female
2432,24,112,62,Female
2433,42,126,48,Female
2434,38,129,10,Male
2435,32,131,36,Male
2436,18,101,29,Female
2437,29,95,78,Male
2438,24,80,4,Male
2439,32,33,44,Male
2440,38,149,56,Female
2441,36,132,42,Female
2442,46,56,100,Female
2443,42,56,13,Female
2444,50,73,46,Female
2445,66,34,82,Male
2446,49,87,33,Male
2447,66,31,21,Male
2448,52,41,80,Male
2449,61,16,79,Male
2450,55,77,57,Male
2451,43,76,69,Female
2452,28,114,70,Female
2453,52,33,67,Male
2454,25,31,48,Female
2455,63,83,76,Male
2456,31,131,100,Male
2457,27,95,33,Female
2458,19,53,36,Female
2459,63,50,33,Male
2460,26,146,31,Female
2461,20,43,21,Male
2462,38,65,27,Male
2463,43,28,91,Male
2464,25,83,72,Male
2465,65,71,62,Male
2466,19,26,96,Female
2467,23,31,26,Male
2468,45,44,66,Female
2469,70,102,12,Male
2470,46,113,22,Female
2471,43,37,17,Male
2472,42,143,7,Female
2473,29,93,68,Male
2474,22,46,37,Male
2475,51,23,38,Female
2476,65,29,96,Female
2477,54,41,11,Female
2478,32,123,1,Female
2479,61,90,25,Female
2480,53,79,42,Female
2481,32,123,52,Male
2482,60,143,24,Male
2483,65,24,53,Male
2484,40,61,56,Female
2485,23,137,63,Female
2486,63,73,81,Female
2487,67,110,8,Male
2488,61,117,59,Female
2489,60,138,45,Male
2490,62,100,27,Female
2491,38,126,52,Female
2492,40,41,18,Female
2493,60,32,91,Male
2494,33,96,86,Female
2495,64,86,16,Male
2496,70,68,66,Female
2497,32,85,5,Female
2498,42,52,82,Female
2499,53,49,3,Female
2500,28,96,91,Male
2501,68,147,81,Female
2502,32,18,80,Male
2503,21,37,70,Female
2504,38,62,7,Female
2505,30,139,50,Female
2506,39,69,14,Male
2507,36,82,38,Female
2508,51,102,79,Male
2509,31,15,47,Male
2510,21,149,33,Female
2511,65,109,43,Male
2512,70,120,91,Female
2513,69,147,29,Male
2514,63,122,57,Male
2515,44,56,5,Male
2516,46,116,93,Male
2517,64,138,96,Female
2518,45,117,60,Male
2519,52,88,70,Female
2520,25,122,2,Male
2521,33,136,70,Female
2522,59,31,43,Female
2523,53,85,4,Male
2524,47,76,56,Male
2525,35,55,93,Female
2526,19,133,59,Male
2527,66,59,89,Male
2528,30,72,9,Male
2529,21,140,3,Male
2530,43,58,90,Male
2531,42,29,48,Male
2532,47,92,43,Male
2533,28,84,91,Male
2534,24,115,100,Male
2535,48,17,96,Female
2536,61,100,1,Male
2537,27,88,57,Male
2538,56,65,53,Male
2539,30,81,16,Male
2540,48,90,51,Male
2541,24,107,75,Female
2542,66,21,90,Female
2543,59,27,55,Male
2544,59,134,1,Female
2545,53,80,90,Male
2546,37,18,28,Male
2547,21,102,53,Female
2548,24,31,58,Female
2549,18,66,73,Female
2550,61,148,60,Female
2551,62,83,59,Female
2552,59,35,22,Male
2553,64,38,8,Male
2554,30,18,49,Male
2555,39,17,42,Female
2556,38,82,27,Male
2557,39,115,39,Female
2558,45,68,83,Male
2559,26,49,25,Female
2560,43,70,38,Female
2561,26,122,85,Male
2562,32,54,24,Male
2563,27,82,24,Male
2564,41,60,60,Male
2565,59,92,83,Female
2566,25,20,50,Male
2567,41,31,66,Female
2568,33,113,14,Male
2569,66,95,53,Male
2570,43,16,32,Male
2571,44,91,96,Male
2572,54,80,92,Male
2573,21,66,48,Female
2574,67,106,39,Male
2575,41,36,40,Female
2576,36,125,42,Male
2577,53,121,77,Female
2578,56,81,76,Male
2579,27,83,8,Male
2580,42,98,79,Male
2581,35,117,26,Female
2582,36,53,12,Female
2583,53,27,43,Male
2584,27,55,51,Male
2585,50,71,91,Male
2586,67,26,82,Female
2587,22,27,100,Male
2588,64,134,63,Female
2589,66,111,49,Male
2590,52,71,27,Female
2591,61,54,9,Female
2592,51,132,39,Female
2593,50,94,65,Male
2594,38,142,71,Female
2595,34,49,90,Male
2596,39,17,71,Female
2597,65,134,7,Male
2598,54,19,72,Female
2599,32,25,80,Female
2600,52,140,67,Male
2601,45,85,10,Male
2602,24,131,71,Female
2603,49,120,85,Female
2604,28,130,53,Male
2605,27,81,95,Female
2606,26,45,87,Female
2607,31,89,57,Male
2608,30,85,91,Male
2609,42,80,86,Male
2610,19,84,27,Female
2611,52,55,54,Female
2612,24,34,4,Female
2613,38,53,88,Male
2614,35,59,23,Female
2615,20,84,48,Male
2616,59,139,83,Male
2617,56,105,42,Female
2618,58,84,3,Male
2619,66,144,91,Female
2620,28,98,3,Male
2621,56,103,28,Male
2622,41,93,63,Male
2623,63,127,81,Female
2624,36,107,31,Male
2625,21,86,10,Female
2626,43,63,49,Male
2627,55,66,86,Male
2628,59,47,94,Male
2629,49,36,21,Female
2630,56,128,100,Female
2631,62,147,53,Female
2632,63,32,87,Female
2633,53,132,76,Female
2634,57,131,89,Male
2635,54,51,54,Male
2636,50,78,57,Female
2637,53,93,20,Female
2638,20,137,49,Female
2639,26,58,7,Female
2640,25,96,29,Male
2641,50,101,48,Female
2642,23,30,93,Female
2643,58,68,13,Female
2644,56,116,3,Female
2645,21,112,2,Male
2646,30,16,16,Male
2647,66,108,94,Female
2648,19,73,6,Male
2649,22,83,45,Male
2650,61,133,71,Female
2651,44,106,5,Female
2652,49,59,56,Male
2653,38,38,71,Male
2654,25,105,98,Male
2655,55,108,32,Male
2656,25,72,49,Male
2657,67,142,13,Female
2658,20,21,30,Male
2659,61,61,25,Male
2660,20,67,85,Male
2661,39,52,60,Male
2662,23,67,59,Male
2663,19,62,85,Male
2664,40,109,28,Male
2665,61,78,58,Male
2666,19,107,20,Female
2667,55,139,34,Female
2668,34,53,5,Male
2669,52,18,82,Female
2670,51,140,60,Female
2671,40,17,43,Female
2672,47,78,57,Female
2673,69,43,57,Female
2674,25,130,75,Female
2675,39,25,54,Male
2676,61,111,81,Male
2677,53,116,45,Female
2678,22,35,86,Male
2679,30,53,37,Female
2680,46,116,84,Male
2681,48,60,48,Male
2682,64,80,54,Male
2683,33,105,48,Female
2684,59,125,6,Male
2685,47,96,34,Male
2686,33,137,63,Female
2687,29,113,78,Female
2688,34,49,48,Male
2689,33,117,23,Female
2690,29,143,84,Male
2691,25,39,13,Male
2692,37,57,47,Female
2693,20,98,44,Female
2694,33,65,32,Male
2695,47,144,26,Female
2696,62,140,53,Male
2697,40,83,14,Female
2698,45,23,52,Female
2699,68,16,36,Female
2700,57,24,8,Female
2701,22,128,40,Female
2702,37,90,86,Male
2703,57,99,22,Male
2704,61,63,16,Male
2705,18,84,91,Female
2706,47,145,60,Male
2707,38,147,60,Male
2708,37,104,10,Female
2709,23,40,25,Female
2710,39,86,31,Female
2711,35,19,21,Male
2712,25,29,91,Male
2713,56,137,81,Female
2714,49,15,33,Male
2715,50,17,31,Male
2716,70,61,90,Female
2717,33,109,21,Male
2718,29,27,36,Female
2719,55,134,65,Male
2720,69,69,4,Female
2721,51,80,68,Male
2722,31,104,90,Male
2723,53,76,4,Female
2724,50,116,9,Female
2725,40,22,30,Female
2726,67,111,45,Female
2727,62,131,4,Male
2728,19,78,69,Female
2729,58,35,23,Female
2730,38,129,16,Female
2731,19,99,22,Female
2732,44,34,72,Female
2733,26,22,48,Male
2734,18,72,62,Female
2735,28,60,97,Female
2736,20,45,60,Female
2737,69,107,80,Male
2738,40,23,5,Male
2739,43,29,80,Male
2740,21,108,7,Female
2741,35,43,51,Female
2742,23,94,65,Male
2743,52,50,9,Male
2744,39,98,82,Female
2745,60,123,45,Female
2746,32,132,47,Female
2747,39,51,67,Male
2748,54,100,24,Female
2749,69,85,92,Female
2750,59,107,10,Male
2751,29,94,73,Male
2752,64,116,77,Male
2753,66,28,48,Female
2754,59,131,35,Male
2755,55,87,54,Male
2756,35,105,87,Female
2757,62,104,81,Female
2758,52,43,71,Male
2759,47,63,16,Female
2760,41,86,53,Male
2761,59,147,40,Female
2762,47,56,100,Female
2763,31,149,20,Male
2764,23,56,88,Male
2765,20,119,69,Male
2766,33,41,45,Female
2767,24,72,6,Male
2768,69,60,92,Female
2769,31,80,69,Female
2770,26,39,49,Male
2771,32,87,39,Female
2772,38,131,2,Female
2773,52,143,39,Male
2774,19,101,21,Female
2775,44,88,40,Female
2776,19,139,82,Male
2777,52,81,54,Male
2778,35,20,12,Female
2779,31,139,81,Female
2780,37,72,37,Female
2781,35,84,38,Female
2782,27,67,15,Male
2783,42,80,7,Female
2784,19,72,78,Female
2785,42,96,50,Female
2786,50,101,65,Female
2787,53,16,67,Male
2788,48,51,44,Female
2789,31,117,31,Male
2790,18,38,43,Male
2791,63,126,77,Male
2792,33,79,48,Male
2793,63,143,82,Male
2794,69,131,81,Female
2795,20,130,81,Male
2796,52,119,61,Male
2797,58,17,75,Male
2798,23,60,84,Female
2799,42,69,10,Male
2800,30,89,29,Female
2801,70,59,48,Male
2802,51,91,98,Male
2803,25,38,81,Female
2804,38,49,62,Female
2805,51,38,13,Female
2806,21,42,44,Male
2807,42,30,47,Female
2808,32,73,64,Female
2809,21,29,91,Female
2810,62,25,53,Female
2811,29,93,90,Female
2812,49,129,92,Male
2813,49,82,77,Female
2814,45,57,76,Male
2815,30,83,44,Female
2816,48,89,28,Female
2817,31,117,2,Male
2818,37,55,57,Male
2819,35,73,57,Male
2820,46,53,34,Male
2821,23,17,87,Female
2822,49,21,58,Male
2823,46,63,52,Female
2824,60,40,29,Female
2825,19,115,35,Female
2826,40,93,75,Male
2827,36,16,48,Male
2828,48,141,33,Male
2829,68,146,75,Female
2830,22,34,73,Male
2831,36,131,78,Male
2832,51,46,9,Female
2833,27,42,48,Male
2834,42,91,67,Female
2835,19,15,93,Male
2836,28,70,83,Male
2837,67,49,36,Male
2838,48,126,96,Male
2839,32,44,71,Male
2840,26,68,92,Female
2841,40,50,44,Male
2842,36,94,82,Male
2843,26,72,60,Male
2844,52,97,63,Male
2845,38,79,5,Male
2846,26,83,87,Male
2847,45,142,86,Male
2848,63,65,90,Female
2849,68,36,76,Female
2850,24,121,40,Male
2851,33,123,19,Female
2852,33,130,47,Male
2853,50,115,65,Female
2854,21,114,67,Male
2855,21,82,91,Male
2856,56,50,18,Female
2857,57,36,50,Male
2858,34,80,30,Female
2859,54,35,66,Male
2860,56,114,5,Male
2861,69,142,93,Male
2862,46,58,97,Male
2863,69,117,42,Female
2864,53,61,84,Male
2865,55,53,94,Female
2866,56,43,5,Female
2867,67,68,50,Male
2868,54,104,85,Male
2869,69,99,58,Female
2870,52,31,79,Female
2871,24,94,84,Male
2872,44,87,8,Female
2873,45,63,31,Female
2874,39,115,12,Female
2875,31,16,21,Male
2876,24,73,94,Female
2877,54,111,62,Female
2878,39,113,91,Female
2879,22,117,90,Female
2880,19,16,33,Male
2881,44,55,26,Male
2882,38,137,90,Female
2883,55,96,100,Female
2884,32,146,40,Female
2885,38,43,65,Male
2886,27,149,59,Male
2887,40,28,15,Female
2888,56,26,1,Female
2889,22,113,11,Male
2890,18,147,55,Female
2891,30,95,2,Female
2892,38,120,65,Male
2893,43,46,95,Male
2894,67,88,44,Male
2895,62,95,16,Male
2896,38,83,22,Male
2897,70,59,18,Female
2898,35,120,47,Male
2899,54,114,81,Male
2900,62,23,30,Male
2901,49,76,10,Male
2902,53,43,99,Male
2903,34,139,58,Male
2904,52,128,62,Female
2905,66,148,85,Male
2906,28,134,80,Female
2907,38,93,6,Female
2908,69,107,67,Male
2909,70,18,41,Male
2910,43,96,43,Female
2911,21,89,85,Female
2912,51,28,77,Female
2913,69,145,18,Male
2914,65,128,58,Female
2915,35,76,60,Male
2916,57,120,88,Male
2917,52,78,27,Female
2918,58,116,68,Male
2919,46,120,22,Male
2920,69,34,24,Female
2921,46,72,40,Female
2922,55,126,74,Male
2923,59,71,66,Female
2924,38,133,40,Male
2925,59,111,6,Female
2926,30,106,18,Female
2927,66,66,81,Female
2928,58,51,87,Female
2929,34,22,30,Male
2930,26,58,21,Female
2931,58,112,62,Male
2932,18,147,10,Male
2933,19,132,13,Female
2934,65,83,76,Female
2935,46,59,9,Female
2936,50,46,68,Female
2937,27,47,39,Female
2938,67,140,24,Male
2939,57,81,34,Female
2940,38,44,61,Male
2941,45,128,41,Male
2942,28,43,5,Male
2943,51,145,79,Male
2944,25,44,50,Female
2945,39,144,4,Female
2946,25,76,51,Male
2947,66,17,52,Male
2948,32,82,39,Female
2949,34,39,8,Male
2950,40,58,45,Female
2951,41,69,88,Male
2952,62,144,28,Female
2953,36,55,27,Male
2954,22,78,65,Male
2955,49,45,34,Male
2956,61,61,81,Female
2957,18,144,62,Female
2958,40,110,62,Female
2959,54,91,38,Male
2960,25,124,26,Male
2961,30,83,24,Male
2962,25,72,39,Male
2963,40,120,21,Male
2964,60,58,94,Male
2965,18,88,47,Female
2966,62,70,48,Female
2967,68,141,13,Female
2968,41,44,3,Male
2969,52,85,32,Female
2970,41,132,35,Male
2971,34,69,19,Male
2972,22,81,14,Female
2973,37,17,48,Male
2974,38,40,86,Male
2975,57,71,81,Male
2976,48,140,68,Male
2977,63,67,45,Male
2978,53,57,19,Female
2979,28,63,64,Female
2980,69,56,66,Male
2981,32,25,79,Male
2982,36,117,66,Female
2983,24,112,75,Female
2984,68,99,45,Female
2985,45,114,87,Male
2986,68,118,74,Female
2987,60,60,67,Female
2988,22,58,69,Male
2989,22,36,3,Male
2990,47,128,38,Female
2991,49,139,77,Male
2992,25,138,42,Female
2993,27,44,83,Female
2994,55,22,40,Male
2995,64,112,50,Male
2996,49,71,35,Female
2997,65,125,24,Male
2998,45,87,88,Male
2999,34,129,17,Male
3000,48,34,40,Male
3001,25,39,74,Male
3002,57,33,66,Male
3003,42,19,44,Male
3004,26,89,23,Female
3005,19,142,6,Male
3006,32,86,66,Female
3007,67,54,21,Male
3008,20,40,35,Female
3009,66,41,29,Male
3010,53,97,7,Female
3011,21,142,93,Male
3012,31,47,53,Female
3013,58,111,37,Male
3014,58,125,23,Male
3015,42,30,97,Female
3016,67,37,8,Female
3017,27,149,76,Male
3018,38,40,48,Female
3019,53,110,10,Female
3020,29,26,79,Male
3021,44,86,24,Female
3022,57,147,90,Male
3023,19,120,47,Female
3024,30,131,53,Male
3025,70,40,39,Female
3026,49,147,67,Male
3027,48,36,66,Male
3028,33,27,6,Female
3029,49,121,21,Female
3030,49,37,73,Male
3031,51,111,74,Male
3032,28,32,36,Female
3033,27,131,3,Female
3034,32,44,88,Female
3035,34,40,86,Female
3036,57,53,78,Female
3037,35,144,42,Female
3038,26,127,45,Male
3039,42,148,44,Female
3040,57,60,91,Female
3041,31,64,33,Female
3042,42,120,60,Female
3043,67,86,86,Male
3044,39,88,93,Male
3045,69,31,83,Male
3046,47,84,83,Male
3047,37,20,70,Female
3048,38,40,83,Male
3049,61,113,77,Female
3050,49,36,26,Female
3051,68,65,86,Male
3052,63,118,21,Male
3053,66,103,100,Female
3054,38,23,2,Male
3055,52,93,47,Male
3056,49,66,30,Female
3057,47,144,27,Female
3058,56,27,71,Female
3059,66,65,20,Female
3060,29,48,50,Female
3061,58,49,95,Male
3062,64,145,23,Female
3063,35,134,13,Female
3064,38,84,81,Female
3065,30,81,4,Male
3066,38,117,14,Female
3067,25,87,20,Female
3068,63,130,13,Male
3069,57,147,3,Female
3070,63,81,90,Female
3071,24,135,90,Female
3072,40,108,82,Male
3073,61,143,96,Male
3074,49,105,78,Female
3075,28,106,47,Female
3076,39,77,3,Female
3077,39,43,1,Male
3078,60,26,90,Male
3079,42,91,24,Male
3080,39,55,35,Male
3081,45,144,14,Male
3082,46,51,67,Male
3083,30,38,13,Female
3084,35,113,47,Male
3085,19,114,50,Female
3086,46,72,78,Male
3087,38,43,85,Female
3088,32,74,26,Male
3089,69,109,3,Female
3090,44,56,51,Female
3091,67,57,40,Female
3092,48,88,68,Male
3093,32,78,36,Male
3094,68,16,51,Male
3095,40,80,1,Female
3096,41,45,33,Female
3097,61,129,7,Female
3098,30,40,52,Male
3099,39,43,11,Male
3100,60,92,27,Female
3101,54,39,14,Male
3102,50,62,86,Male
3103,20,79,80,Male
3104,36,81,46,Male
3105,40,104,76,Female
3106,46,52,10,Male
3107,47,101,24,Male
3108,56,79,61,Female
3109,61,41,18,Female
3110,64,120,86,Male
3111,42,137,9,Male
3112,54,58,17,Male
3113,64,114,58,Male
3114,25,42,13,Female
3115,59,31,50,Female
3116,33,141,6,Female
3117,25,137,85,Male
3118,18,145,51,Male
3119,61,90,36,Female
3120,22,60,71,Male
3121,20,83,100,Female
3122,18,99,25,Female
3123,21,25,11,Female
3124,57,83,44,Female
3125,52,113,14,Female
3126,49,105,29,Female
3127,59,108,74,Female
3128,51,129,50,Male
3129,60,45,5,Female
3130,42,25,72,Female
3131,27,101,69,Male
3132,38,135,88,Female
3133,63,144,57,Male
3134,56,119,26,Female
3135,44,41,6,Male
3136,44,16,16,Male
3137,19,117,60,Male
3138,58,115,100,Female
3139,65,35,12,Male
3140,30,72,75,Female
3141,26,147,3,Female
3142,69,99,63,Female
3143,53,107,64,Female
3144,39,34,62,Female
3145,59,75,6,Female
3146,43,52,19,Female
3147,29,39,18,Male
3148,34,144,80,Female
3149,31,135,87,Female
3150,31,40,43,Male
3151,51,81,73,Female
3152,70,15,3,Male
3153,37,65,72,Male
3154,28,19,38,Female
3155,33,27,68,Female
3156,68,62,76,Male
3157,48,71,44,Female
3158,23,129,95,Male
3159,36,49,89,Male
3160,54,90,80,Female
3161,21,108,63,Male
3162,64,19,42,Female
3163,21,36,64,Female
3164,37,117,54,Male
3165,27,145,78,Male
3166,41,138,77,Female
3167,52,67,71,Female
3168,43,83,76,Female
3169,54,118,37,Male
3170,55,30,4,Female
3171,38,130,2,Male
3172,57,90,99,Male
3173,56,123,44,Male
3174,38,53,67,Female
3175,27,103,68,Male
3176,55,126,76,Female
3177,63,61,83,Male
3178,21,142,74,Female
3179,62,91,62,Female
3180,37,29,1,Male
3181,34,50,17,Female
3182,24,77,16,Male
3183,21,83,9,Male
3184,46,88,53,Male
3185,31,38,73,Male
3186,20,63,59,Male
3187,41,21,9,Male
3188,54,18,12,Male
3189,33,104,41,Female
3190,69,74,15,Male
3191,21,69,66,Male
3192,41,30,75,Female
3193,51,43,11,Female
3194,47,28,8,Male
3195,35,93,55,Male
3196,36,47,96,Male
3197,48,35,6,Female
3198,36,37,53,Male
3199,66,71,20,Female
3200,63,107,39,Male
3201,36,34,99,Male
3202,39,33,72,Female
3203,41,117,34,Male
3204,62,91,57,Male
3205,29,47,19,Male
3206,47,32,71,Female
3207,55,87,31,Male
3208,70,31,82,Male
3209,48,33,40,Female
3210,53,84,14,Female
3211,36,134,100,Male
3212,65,115,81,Male
3213,62,48,37,Female
3214,53,98,44,Male
3215,47,88,9,Male
3216,66,102,58,Female
3217,50,99,20,Male
3218,35,25,92,Male
3219,69,105,50,Female
3220,66,141,20,Male
3221,45,127,36,Male
3222,64,94,27,Male
3223,28,21,72,Female
3224,62,30,32,Male
3225,50,30,1,Female
3226,34,26,17,Female
3227,23,49,9,Male
3228,21,35,84,Female
3229,37,31,45,Male
3230,65,46,96,Male
3231,64,55,66,Male
3232,44,148,32,Female
3233,32,41,45,Male
3234,23,80,9,Male
3235,64,106,30,Male
3236,31,75,84,Female
3237,28,17,38,Female
3238,56,117,60,Male
3239,26,69,1,Male
3240,43,15,5,Male
3241,33,115,63,Male
3242,22,59,99,Female
3243,69,40,36,Female
3244,27,135,65,Female
3245,67,60,78,Female
3246,20,136,73,Female
3247,30,45,94,Female
3248,60,73,24,Female
3249,66,43,4,Male
3250,47,120,78,Male
3251,62,31,89,Male
3252,23,38,68,Male
3253,34,123,25,Male
3254,62,105,74,Male
3255,68,39,99,Female
3256,70,46,7,Male
3257,36,130,13,Female
3258,59,96,68,Male
3259,52,124,43,Female
3260,63,51,57,Female
3261,43,40,36,Male
3262,68,78,14,Male
3263,22,86,82,Male
3264,46,120,72,Male
3265,54,100,96,Male
3266,37,67,27,Female
3267,66,106,37,Male
3268,38,113,87,Female
3269,27,25,71,Female
3270,22,45,76,Female
3271,53,114,25,Male
3272,23,101,67,Male
3273,43,29,90,Male
3274,21,115,4,Male
3275,56,43,100,Male
3276,56,128,79,Male
3277,67,121,96,Female
3278,52,122,93,Male
3279,18,144,74,Female
3280,41,98,85,Female
3281,53,29,16,Male
3282,23,146,19,Male
3283,58,64,29,Male
3284,63,37,51,Male
3285,61,73,18,Male
3286,48,104,58,Male
3287,37,129,44,Female
3288,41,89,16,Female
3289,42,137,65,Female
3290,53,150,2,Female
3291,38,32,56,Female
3292,47,64,79,Female
3293,41,132,28,Male
3294,61,122,65,Male
3295,59,81,5,Male
3296,47,92,22,Female
3297,39,89,100,Female
3298,45,53,13,Female
3299,24,39,65,Male
3300,52,35,16,Male
3301,45,29,86,Male
3302,31,62,64,Female
3303,27,100,32,Female
3304,33,130,80,Female
3305,33,64,51,Male
3306,48,83,79,Female
3307,59,18,58,Male
3308,42,92,46,Male
3309,30,23,52,Male
3310,23,135,63,Male
3311,61,129,76,Male
3312,26,115,60,Male
3313,62,111,65,Male
3314,53,95,81,Female
3315,60,57,55,Male
3316,37,109,57,Female
3317,35,20,92,Male
3318,60,81,71,Male
3319,38,114,73,Male
3320,21,26,86,Female
3321,67,80,26,Male
3322,50,16,12,Male
3323,44,95,71,Female
3324,24,149,46,Female
3325,23,84,47,Female
3326,32,129,79,Female
3327,35,102,38,Male
3328,49,20,21,Male
3329,28,41,14,Female
3330,37,96,2,Male
3331,41,102,72,Female
3332,32,134,70,Female
3333,65,38,33,Female
3334,24,116,6,Male
3335,38,48,90,Female
3336,59,61,37,Male
3337,43,38,14,Male
3338,61,79,37,Male
3339,31,32,8,Female
3340,54,58,77,Male
3341,38,90,13,Female
3342,35,71,40,Male
3343,22,121,92,Male
3344,20,138,58,Male
3345,40,130,18,Female
3346,43,107,57,Female
3347,54,56,83,Female
3348,41,42,38,Female
3349,66,137,32,Male
3350,36,38,86,Male
3351,68,150,66,Female
3352,42,120,77,Female
3353,38,132,87,Female
3354,29,67,25,Female
3355,58,146,92,Male
3356,50,114,58,Female
3357,67,19,75,Female
3358,70,63,33,Male
3359,21,112,88,Female
3360,59,44,66,Male
3361,24,86,30,Female
3362,39,117,81,Male
3363,50,77,34,Female
3364,34,40,86,Female
3365,41,51,69,Female
3366,51,21,48,Female
3367,45,141,40,Female
3368,60,106,51,Male
3369,58,117,80,Female
3370,56,67,13,Male
3371,39,146,90,Male
3372,66,122,31,Male
3373,34,126,39,Male
3374,51,21,63,Female
3375,23,81,48,Female
3376,63,122,87,Female
3377,23,125,48,Female
3378,51,97,61,Male
3379,18,138,12,Male
3380,27,118,78,Male
3381,38,81,56,Female
3382,22,21,18,Female
3383,19,124,27,Female
3384,39,48,28,Female
3385,65,120,82,Male
3386,19,72,80,Female
3387,27,23,52,Female
3388,51,62,16,Male
3389,33,129,77,Male
3390,65,55,58,Female
3391,68,62,93,Female
3392,56,39,9,Male
3393,39,130,26,Female
3394,29,92,28,Male
3395,41,122,77,Male
3396,64,39,36,Female
3397,57,53,9,Male
3398,55,133,47,Female
3399,27,93,78,Female
3400,52,94,51,Female
3401,68,41,76,Female
3402,66,118,57,Male
3403,49,88,32,Female
3404,24,82,67,Female
3405,38,42,57,Male
3406,37,137,54,Female
3407,43,97,16,Female
3408,21,44,62,Female
3409,63,36,84,Female
3410,69,17,96,Male
3411,39,115,56,Male
3412,32,119,23,Female
3413,57,16,17,Male
3414,38,68,80,Male
3415,32,20,38,Male
3416,39,121,72,Male
3417,69,137,83,Female
3418,45,16,30,Male
3419,31,125,58,Female
3420,44,16,98,Female
3421,58,107,78,Male
3422,57,115,22,Female
3423,45,111,17,Male
3424,43,125,15,Female
3425,66,20,48,Female
3426,19,141,32,Male
3427,42,118,77,Female
3428,20,15,85,Male
3429,25,47,40,Female
3430,61,54,97,Female
3431,50,46,57,Male
3432,59,31,58,Male
3433,69,140,91,Male
3434,52,22,99,Female
3435,23,71,16,Male
3436,56,56,28,Male
3437,69,112,98,Male
3438,40,134,1,Male
3439,42,101,41,Female
3440,67,68,48,Female
3441,60,98,31,Female
3442,36,39,36,Female
3443,22,81,33,Female
3444,68,60,33,Female
3445,28,36,82,Male
3446,29,22,23,Female
3447,27,53,60,Male
3448,25,63,87,Male
3449,41,60,79,Male
3450,45,52,90,Male
3451,58,150,30,Female
3452,53,68,89,Female
3453,54,106,45,Female
3454,38,54,80,Male
3455,25,48,39,Female
3456,26,110,45,Female
3457,64,93,78,Female
3458,32,141,81,Female
3459,65,31,12,Female
3460,63,124,93,Female
3461,57,66,32,Male
3462,35,132,56,Male
3463,59,23,24,Female
3464,37,47,13,Male
3465,23,127,20,Male
3466,29,99,79,Female
3467,19,24,56,Male
3468,24,20,53,Female
3469,33,129,68,Male
3470,20,135,54,Female
3471,62,79,34,Male
3472,20,34,28,Male
3473,44,71,50,Male
3474,67,60,2,Male
3475,60,150,94,Female
3476,57,24,26,Male
3477,55,127,51,Female
3478,50,26,47,Female
3479,45,25,26,Male
3480,18,132,84,Male
3481,25,53,92,Female
3482,54,67,84,Male
3483,49,70,75,Female
3484,65,118,74,Male
3485,60,143,61,Female
3486,54,70,23,Male
3487,21,132,37,Male
3488,47,146,41,Female
3489,23,44,52,Female
3490,63,26,83,Female
3491,36,49,82,Male
3492,49,91,49,Male
3493,26,116,27,Male
3494,29,101,6,Male
3495,28,66,74,Female
3496,63,94,66,Female
3497,33,149,24,Male
3498,18,36,38,Male
3499,62,89,28,Male
3500,70,72,28,Female
3501,38,107,66,Female
3502,47,117,61,Male
3503,30,21,46,Female
3504,51,142,69,Male
3505,21,69,75,Male
3506,45,120,74,Female
3507,55,76,43,Female
3508,48,104,59,Female
3509,44,112,2,Female
3510,22,91,15,Male
3511,42,133,37,Female
3512,20,50,71,Female
3513,50,103,20,Female
3514,21,144,98,Female
3515,42,107,35,Male
3516,37,128,34,Male
3517,51,42,86,Female
3518,43,47,31,Female
3519,22,34,87,Male
3520,52,115,19,Male
3521,45,37,68,Female
3522,46,126,24,Male
3523,26,28,84,Male
3524,69,105,39,Male
3525,55,91,92,Male
3526,67,99,54,Female
3527,23,123,39,Male
3528,36,45,17,Male
3529,61,136,19,Female
3530,28,121,48,Female
3531,19,68,35,Female
3532,64,147,32,Male
3533,61,57,47,Female
3534,61,103,47,Male
3535,26,129,64,Female
3536,38,113,46,Male
3537,41,61,35,Female
3538,51,85,94,Female
3539,39,81,17,Male
3540,20,76,42,Female
3541,29,123,29,Female
3542,45,51,70,Female
3543,47,133,17,Female
3544,43,100,81,Female
3545,65,140,14,Male
3546,38,150,24,Male
3547,45,66,57,Female
3548,43,105,50,Female
3549,50,47,57,Male
3550,38,95,61,Male
3551,52,56,39,Female
3552,69,126,55,Male
3553,51,140,96,Female
3554,58,150,36,Female
3555,68,120,37,Female
3556,64,139,14,Female
3557,35,127,27,Male
3558,28,78,83,Male
3559,40,137,31,Male
3560,65,128,73,Female
3561,39,34,81,Male
3562,34,30,83,Female
3563,22,33,44,Female
3564,61,134,68,Male
3565,28,150,48,Female
3566,47,52,57,Female
3567,32,107,75,Female
3568,44,119,22,Male
3569,52,114,4,Female
3570,50,104,81,Male
3571,37,58,72,Female
3572,33,90,46,Male
3573,51,93,59,Female
3574,19,87,34,Male
3575,52,110,11,Male
3576,57,103,31,Female
3577,45,117,11,Female
3578,64,20,56,Female
3579,56,136,38,Female
3580,23,130,21,Male
3581,26,76,94,Female
3582,37,150,10,Male
3583,18,103,26,Female
3584,25,110,91,Male
3585,40,140,8,Male
3586,20,104,8,Male
3587,21,100,60,Female
3588,42,135,72,Female
3589,64,90,34,Male
3590,55,106,16,Male
3591,32,84,13,Male
3592,38,147,87,Male
3593,52,37,76,Male
3594,70,72,91,Female
3595,70,60,22,Male
3596,63,36,96,Female
3597,69,22,27,Female
3598,31,137,64,Female
3599,53,34,2,Male
3600,29,92,97,Male
3601,34,53,26,Male
3602,56,51,92,Male
3603,26,89,83,Female
3604,52,132,69,Female
3605,30,118,97,Female
3606,32,45,84,Male
3607,35,137,30,Male
3608,68,68,8,Male
3609,50,48,38,Male
3610,23,136,61,Male
3611,44,127,81,Male
3612,40,76,65,Female
3613,44,37,67,Female
3614,51,60,46,Male
3615,63,70,90,Female
3616,55,149,95,Female
3617,31,132,72,Female
3618,53,145,43,Female
3619,70,127,59,Male
3620,25,58,46,Female
3621,52,142,72,Male
3622,36,122,35,Male
3623,47,31,39,Female
3624,31,73,92,Male
3625,37,113,51,Female
3626,66,98,4,Male
3627,42,59,80,Male
3628,57,122,77,Female
3629,41,76,84,Female
3630,31,73,51,Male
3631,43,25,5,Female
3632,55,116,55,Male
3633,40,84,20,Female
3634,39,137,24,Male
3635,65,48,36,Male
3636,36,115,34,Male
3637,63,118,54,Male
3638,68,54,34,Male
3639,20,33,83,Female
3640,59,81,17,Male
3641,36,96,5,Female
3642,26,78,89,Female
3643,45,97,18,Male
3644,37,61,55,Male
3645,62,20,53,Female
3646,24,30,50,Male
3647,31,53,72,Male
3648,26,127,91,Female
3649,36,85,79,Female
3650,64,124,45,Female
3651,69,69,13,Female
3652,31,143,16,Female
3653,55,63,86,Female
3654,70,35,84,Male
3655,53,51,13,Female
3656,57,130,20,Female
3657,34,38,66,Male
3658,47,69,99,Male
3659,26,39,47,Male
3660,50,149,19,Male
3661,69,141,45,Male
3662,42,107,37,Male
3663,31,108,54,Female
3664,28,85,6,Male
3665,70,136,14,Male
3666,52,38,4,Male
3667,58,25,86,Male
3668,31,87,55,Female
3669,47,26,100,Male
3670,58,49,34,Male
3671,21,37,27,Female
3672,21,97,7,Female
3673,45,102,3,Female
3674,25,94,47,Male
3675,19,111,97,Female
3676,58,48,2,Female
3677,63,89,80,Female
3678,39,142,25,Male
3679,58,45,60,Male
3680,33,144,79,Female
3681,46,117,24,Male
3682,66,29,15,Male
3683,65,71,95,Male
3684,47,89,14,Male
3685,29,48,54,Male
3686,52,117,78,Female
3687,28,89,6,Female
3688,63,43,78,Female
3689,67,30,81,Female
3690,38,91,18,Male
3691,38,51,20,Female
3692,22,95,62,Female
3693,65,138,81,Male
3694,37,33,80,Male
3695,54,116,40,Male
3696,20,150,39,Male
3697,61,91,52,Female
3698,50,55,32,Male
3699,70,75,73,Male
3700,26,40,27,Male
3701,26,85,52,Male
3702,21,117,97,Male
3703,52,84,63,Male
3704,34,121,74,Female
3705,51,121,63,Female
3706,41,117,17,Female
3707,49,33,49,Male
3708,18,82,100,Male
3709,25,84,81,Female
3710,62,127,82,Female
3711,40,71,23,Female
3712,64,75,98,Female
3713,57,106,72,Male
3714,29,44,13,Female
3715,29,141,23,Male
3716,63,129,57,Male
3717,64,20,62,Male
3718,32,32,54,Female
3719,58,24,20,Female
3720,36,106,86,Female
3721,43,91,52,Male
3722,69,115,23,Male
3723,46,98,35,Female
3724,39,66,67,Male
3725,57,45,34,Female
3726,38,124,33,Male
3727,68,107,46,Male
3728,55,67,81,Male
3729,37,100,45,Male
3730,46,16,19,Male
3731,68,100,94,Male
3732,21,147,87,Male
3733,24,18,15,Female
3734,45,20,78,Male
3735,45,132,66,Male
3736,21,103,39,Female
3737,39,28,18,Female
3738,29,70,70,Female
3739,62,95,59,Female
3740,20,60,32,Male
3741,39,30,21,Male
3742,61,134,40,Female
3743,19,98,92,Male
3744,41,22,27,Female
3745,51,102,2,Male
3746,44,145,97,Male
3747,58,33,80,Male
3748,18,111,39,Male
3749,25,80,86,Male
3750,40,93,56,Female
3751,55,100,13,Male
3752,23,138,56,Male
3753,39,60,66,Male
3754,42,127,78,Male
3755,35,105,56,Male
3756,34,47,28,Female
3757,29,147,64,Male
3758,23,91,71,Female
3759,43,135,82,Male
3760,44,142,64,Male
3761,25,92,56,Female
3762,36,81,41,Male
3763,59,129,100,Male
3764,18,77,41,Female
3765,46,127,100,Male
3766,62,108,4,Female
3767,66,62,57,Female
3768,52,26,30,Female
3769,57,54,88,Male
3770,31,99,84,Male
3771,52,71,46,Female
3772,65,101,56,Male
3773,62,98,31,Female
3774,37,135,88,Male
3775,66,88,7,Female
3776,30,121,90,Male
3777,55,138,77,Female
3778,66,114,54,Male
3779,63,57,8,Female
3780,66,133,55,Male
3781,25,37,69,Female
3782,60,51,44,Male
3783,37,148,13,Male
3784,50,79,93,Female
3785,43,148,20,Male
3786,56,36,78,Male
3787,38,119,32,Male
3788,70,102,60,Male
3789,66,139,50,Female
3790,59,93,27,Male
3791,60,104,25,Male
3792,58,65,52,Female
3793,26,116,68,Male
3794,41,120,21,Female
3795,54,74,18,Male
3796,66,60,39,Female
3797,58,50,15,Male
3798,34,25,53,Female
3799,41,26,38,Female
3800,38,53,48,Female
3801,68,50,52,Male
3802,56,66,88,Female
3803,58,45,72,Male
3804,56,47,28,Female
3805,30,72,85,Female
3806,28,142,16,Female
3807,63,45,16,Male
3808,36,69,35,Male
3809,28,24,17,Female
3810,30,144,73,Female
3811,63,29,99,Female
3812,62,17,52,Female
3813,18,57,93,Female
3814,57,81,82,Female
3815,61,70,12,Female
3816,36,77,83,Female
3817,29,29,48,Male
3818,25,123,22,Female
3819,25,130,49,Male
3820,70,106,52,Female
3821,62,61,79,Male
3822,29,71,1,Male
3823,65,64,66,Female
3824,50,85,64,Male
3825,62,96,8,Male
3826,43,130,86,Female
3827,56,119,25,Female
3828,45,102,66,Female
3829,22,16,73,Male
3830,25,118,73,Female
3831,42,98,77,Male
3832,44,57,70,Female
3833,63,85,94,Female
3834,40,108,79,Male
3835,47,56,51,Male
3836,62,147,53,Male
3837,64,79,15,Female
3838,40,48,50,Female
3839,66,134,71,Female
3840,64,15,75,Male
3841,37,144,38,Male
3842,35,75,40,Male
3843,35,102,66,Male
3844,19,82,39,Female
3845,21,141,74,Male
3846,47,36,17,Male
3847,50,96,7,Female
3848,53,143,39,Female
3849,35,44,68,Male
3850,54,140,35,Male
3851,36,111,51,Male
3852,64,38,47,Male
3853,45,28,36,Male
3854,57,50,64,Male
3855,37,38,95,Female
3856,66,109,89,Female
3857,50,69,13,Female
3858,29,38,18,Female
3859,68,40,21,Male
3860,32,94,65,Male
3861,58,79,100,Male
3862,56,89,8,Male
3863,19,57,48,Female
3864,46,43,85,Male
3865,58,95,43,Male
3866,27,68,53,Male
3867,19,53,85,Male
3868,68,56,27,Female
3869,28,43,19,Male
3870,30,145,23,Female
3871,27,56,50,Male
3872,31,108,51,Male
3873,35,46,43,Male
3874,68,40,99,Female
3875,26,129,51,Male
3876,56,143,69,Male
3877,45,70,41,Male
3878,20,136,72,Female
3879,37,120,11,Female
3880,23,144,80,Male
3881,44,95,88,Female
3882,70,134,85,Male
3883,19,66,52,Male
3884,46,105,23,Female
3885,55,36,49,Male
3886,20,48,38,Male
3887,33,124,47,Female
3888,47,63,72,Female
3889,57,143,7,Female
3890,19,87,66,Female
3891,34,98,94,Male
3892,58,67,77,Male
3893,29,114,62,Male
3894,52,138,87,Male
3895,60,59,29,Male
3896,18,119,38,Male
3897,62,120,84,Male
3898,32,57,33,Male
3899,43,148,29,Female
3900,54,62,79,Male
3901,38,140,23,Male
3902,66,21,3,Male
3903,48,30,93,Male
3904,42,143,45,Male
3905,40,129,8,Female
3906,41,51,86,Female
3907,55,139,29,Female
3908,45,95,2,Male
3909,38,76,50,Male
3910,60,86,65,Male
3911,35,139,20,Male
3912,53,80,52,Female
3913,52,44,85,Female
3914,62,34,37,Male
3915,26,96,72,Male
3916,70,121,27,Female
3917,55,146,47,Female
3918,47,51,99,Female
3919,61,146,6,Female
3920,51,91,60,Female
3921,49,103,45,Female
3922,20,102,44,Female
3923,20,47,83,Male
3924,45,72,18,Male
3925,61,42,65,Female
3926,32,49,25,Male
3927,58,139,27,Female
3928,40,79,7,Male
3929,57,56,44,Female
3930,28,99,29,Male
3931,65,125,95,Female
3932,49,29,44,Male
3933,53,83,36,Male
3934,50,119,19,Female
3935,41,78,6,Female
3936,56,55,25,Female
3937,51,85,31,Male
3938,45,70,9,Male
3939,54,39,84,Male
3940,24,119,74,Male
3941,21,148,37,Female
3942,54,133,27,Female
3943,18,23,13,Male
3944,18,74,41,Female
3945,64,139,66,Female
3946,37,63,85,Female
3947,36,65,97,Female
3948,46,84,24,Male
3949,27,51,44,Female
3950,35,45,98,Female
3951,45,76,60,Female
3952,52,107,9,Male
3953,60,28,2,Female
3954,64,93,56,Male
3955,48,22,30,Male
3956,44,50,22,Female
3957,28,62,75,Female
3958,66,99,81,Male
3959,66,42,100,Male
3960,55,65,13,Male
3961,22,118,71,Male
3962,25,115,16,Female
3963,51,43,97,Male
3964,65,141,45,Female
3965,69,96,65,Female
3966,29,24,11,Male
3967,55,120,70,Female
3968,18,15,20,Male
3969,48,53,99,Male
3970,21,35,63,Male
3971,66,79,90,Female
3972,62,29,12,Female
3973,67,146,62,Male
3974,22,75,94,Female
3975,47,101,92,Female
3976,41,119,91,Female
3977,20,48,42,Female
3978,28,138,83,Female
3979,62,124,69,Male
3980,21,47,58,Female
3981,43,112,5,Female
3982,44,75,27,Male
3983,63,24,28,Female
3984,60,98,26,Female
3985,44,79,91,Female
3986,59,91,49,Male
3987,68,15,21,Female
3988,67,147,1,Female
3989,23,94,92,Male
3990,32,29,58,Male
3991,70,42,79,Female
3992,47,37,55,Male
3993,59,123,81,Male
3994,54,121,26,Male
3995,54,127,84,Female
3996,59,112,25,Female
3997,54,42,77,Male
3998,52,56,33,Male
3999,40,113,89,Male
4000,23,75,72,Male
4001,21,137,69,Female
4002,35,78,6,Male
4003,26,45,23,Female
4004,66,95,30,Male
4005,46,24,78,Female
4006,30,22,54,Female
4007,64,73,87,Male
4008,69,44,11,Female
4009,34,34,31,Female
4010,62,62,6,Female
4011,49,144,11,Male
4012,65,51,77,Female
4013,39,143,12,Female
4014,21,146,66,Male
4015,22,114,53,Male
4016,54,68,99,Female
4017,58,136,36,Female
4018,66,39,17,Male
4019,30,145,28,Male
4020,51,23,92,Female
4021,62,48,22,Female
4022,39,57,7,Male
4023,70,88,15,Male
4024,40,108,96,Female
4025,68,36,11,Female
4026,20,84,24,Male
4027,59,144,67,Female
4028,51,108,30,Female
4029,49,46,70,Female
4030,62,120,66,Female
4031,68,15,61,Male
4032,66,86,78,Male
4033,38,64,41,Female
4034,63,29,82,Female
4035,61,67,51,Female
4036,38,22,44,Female
4037,61,88,95,Male
4038,28,60,13,Female
4039,56,83,90,Female
4040,21,128,12,Male
4041,68,137,82,Male
4042,18,131,9,Female
4043,45,57,85,Male
4044,41,34,48,Male
4045,52,35,49,Female
4046,30,96,53,Female
4047,64,71,56,Male
4048,51,88,40,Female
4049,28,112,24,Male
4050,53,124,98,Male
4051,68,129,72,Male
4052,34,56,33,Female
4053,52,82,23,Female
4054,35,84,77,Male
4055,57,92,54,Male
4056,39,104,53,Female
4057,41,125,49,Male
4058,36,126,78,Male
4059,54,117,78,Female
4060,56,33,80,Female
4061,38,84,49,Female
4062,25,77,60,Female
4063,45,89,90,Male
4064,22,118,90,Female
4065,34,89,65,Female
4066,54,142,32,Male
4067,53,70,79,Male
4068,36,36,21,Male
4069,44,103,18,Female
4070,70,33,94,Male
4071,51,40,60,Female
4072,28,37,13,Male
4073,62,61,24,Female
4074,64,27,30,Male
4075,29,80,2,Female
4076,38,87,83,Female
4077,28,91,25,Male
4078,56,45,50,Male
4079,45,99,14,Female
4080,22,73,6,Male
4081,34,55,76,Female
4082,37,126,84,Female
4083,58,110,87,Female
4084,63,136,30,Male
4085,29,119,30,Female
4086,23,88,38,Female
4087,34,146,58,Female
4088,68,113,94,Female
4089,36,140,41,Male
4090,43,89,94,Male
4091,65,28,57,Female
4092,61,52,36,Male
4093,61,59,64,Male
4094,69,89,98,Female
4095,49,43,16,Male
4096,23,32,88,Male
4097,53,34,78,Male
4098,55,28,90,Male
4099,28,68,72,Male
4100,50,45,14,Male
4101,41,72,31,Female
4102,40,118,66,Male
4103,32,142,68,Female
4104,44,39,65,Female
4105,28,33,55,Female
4106,68,150,84,Male
4107,67,17,78,Male
4108,34,100,40,Female
4109,68,23,25,Female
4110,70,108,25,Female
4111,31,34,3,Male
4112,44,49,69,Male
4113,35,67,26,Male
4114,45,124,40,Female
4115,68,150,38,Male
4116,64,18,38,Male
4117,64,116,68,Female
4118,21,61,7,Male
4119,24,108,94,Female
4120,62,62,30,Male
4121,52,105,19,Female
4122,65,98,35,Male
4123,26,82,33,Female
4124,25,139,33,Male
4125,69,87,78,Female
4126,62,18,38,Female
4127,34,90,10,Male
4128,34,87,57,Male
4129,66,91,28,Female
4130,50,62,78,Male
4131,49,116,100,Female
4132,25,120,38,Female
4133,36,91,16,Male
4134,55,53,21,Male
4135,20,72,92,Male
4136,22,33,97,Female
4137,30,102,6,Female
4138,64,127,41,Male
4139,63,91,15,Female
4140,48,91,3,Female
4141,33,42,43,Male
4142,67,80,47,Female
4143,49,24,99,Female
4144,39,140,14,Female
4145,46,72,66,Male
4146,39,139,29,Male
4147,60,126,4,Female
4148,20,98,26,Male
4149,27,110,12,Female
4150,59,47,2,Male
4151,38,61,17,Female
4152,33,126,35,Female
4153,29,57,10,Female
4154,19,22,86,Female
4155,58,17,43,Male
4156,41,139,21,Female
4157,52,26,15,Female
4158,47,98,35,Male
4159,47,30,85,Male
4160,64,92,85,Female
4161,52,73,85,Female
4162,36,77,60,Male
4163,67,63,44,Female
4164,25,65,96,Female
4165,43,47,5,Female
4166,66,44,73,Female
4167,57,90,18,Female
4168,24,29,21,Female
4169,47,96,72,Female
4170,24,106,98,Female
4171,20,37,74,Female
4172,18,108,51,Male
4173,53,59,41,Male
4174,42,76,24,Male
4175,54,29,24,Female
4176,18,60,96,Female
4177,32,78,97,Female
4178,54,89,38,Male
4179,30,66,44,Male
4180,57,102,57,Female
4181,25,71,59,Male
4182,22,97,34,Male
4183,26,80,75,Female
4184,18,34,95,Female
4185,53,47,82,Male
4186,52,86,23,Female
4187,19,39,86,Male
4188,57,60,43,Male
4189,40,87,82,Male
4190,26,112,40,Female
4191,51,71,47,Male
4192,63,101,41,Male
4193,31,147,47,Female
4194,21,69,20,Female
4195,47,75,77,Male
4196,48,103,65,Female
4197,55,22,68,Female
4198,28,30,24,Male
4199,52,130,100,Female
4200,25,75,36,Male
4201,20,29,45,Female
4202,31,145,2,Female
4203,30,116,28,Male
4204,62,68,26,Male
4205,49,28,23,Female
4206,51,50,79,Female
4207,62,119,36,Female
4208,36,96,91,Male
4209,55,81,6,Female
4210,33,24,35,Male
4211,19,63,38,Female
4212,57,125,35,Female
4213,34,79,100,Female
4214,51,71,74,Female
4215,59,41,94,Female
4216,33,127,53,Male
4217,55,147,38,Male
4218,19,85,93,Male
4219,19,97,59,Female
4220,43,71,43,Male
4221,30,134,4,Male
4222,64,107,5,Female
4223,48,29,68,Female
4224,51,125,100,Male
4225,56,115,45,Male
4226,20,133,80,Male
4227,25,90,25,Male
4228,40,34,78,Male
4229,31,145,11,Male
4230,44,87,29,Male
4231,46,136,34,Female
4232,56,55,86,Male
4233,70,144,14,Female
4234,56,37,24,Female
4235,18,37,59,Female
4236,34,23,39,Male
4237,58,27,26,Male
4238,47,65,43,Female
4239,70,78,36,Male
4240,30,66,39,Male
4241,38,52,61,Female
4242,36,114,16,Male
4243,70,65,59,Female
4244,36,69,96,Female
4245,42,123,6,Female
4246,39,58,98,Female
4247,48,124,56,Male
4248,34,142,8,Female
4249,40,119,94,Male
4250,49,24,27,Male
4251,27,114,71,Male
4252,27,123,27,Male
4253,53,122,89,Female
4254,25,108,46,Female
4255,69,77,41,Female
4256,37,98,79,Female
4257,49,39,25,Female
4258,67,26,86,Male
4259,31,39,18,Female
4260,67,25,12,Male
4261,45,78,87,Male
4262,63,140,51,Female
4263,69,64,39,Male
4264,70,103,89,Male
4265,41,113,10,Female
4266,32,130,94,Female
4267,39,110,74,Female
4268,47,28,98,Male
4269,21,15,77,Female
4270,30,39,54,Female
4271,40,86,29,Male
4272,25,83,41,Female
4273,35,147,9,Male
4274,29,119,63,Male
4275,48,37,77,Female
4276,31,23,37,Male
4277,51,132,14,Male
4278,35,108,73,Female
4279,51,47,72,Female
4280,28,144,39,Female
4281,58,28,40,Male
4282,29,15,54,Male
4283,66,104,3,Female
4284,32,103,55,Female
4285,48,104,33,Female
4286,66,28,96,Male
4287,46,125,71,Female
4288,43,97,19,Male
4289,35,86,34,Female
4290,49,144,78,Male
4291,39,41,50,Male
4292,55,88,47,Female
4293,34,113,46,Male
4294,40,86,56,Male
4295,41,37,57,Female
4296,67,82,83,Female
4297,25,131,51,Male
4298,58,120,54,Male
4299,23,107,90,Male
4300,22,79,81,Female
4301,61,82,28,Male
4302,46,142,19,Male
4303,45,77,27,Female
4304,28,127,48,Female
4305,18,104,19,Female
4306,60,95,97,Female
4307,36,117,51,Female
4308,26,130,7,Male
4309,44,27,29,Male
4310,51,138,43,Male
4311,61,102,69,Female
4312,21,25,94,Female
4313,53,29,58,Female
4314,35,24,8,Male
4315,32,55,42,Female
4316,68,87,76,Female
4317,30,66,42,Female
4318,36,142,13,Male
4319,66,42,26,Female
4320,23,79,18,Female
4321,65,31,42,Male
4322,29,109,51,Female
4323,68,77,84,Female
4324,54,52,16,Female
4325,34,84,3,Male
4326,40,118,91,Female
4327,43,67,79,Female
4328,46,133,98,Male
4329,50,88,45,Male
4330,44,68,22,Female
4331,42,34,23,Male
4332,27,93,59,Female
4333,64,45,62,Male
4334,40,149,68,Female
4335,38,72,54,Female
4336,38,119,57,Female
4337,60,24,23,Male
4338,30,24,60,Male
4339,54,53,73,Female
4340,50,51,88,Female
4341,41,133,85,Female
4342,61,81,55,Female
4343,28,57,80,Male
4344,34,66,63,Male
4345,21,115,56,Female
4346,64,70,55,Male
4347,42,90,25,Male
4348,47,82,26,Male
4349,26,120,49,Female
4350,38,139,63,Female
4351,37,106,45,Male
4352,36,37,73,Male
4353,36,123,79,Female
4354,29,75,39,Female
4355,54,58,97,Female
4356,59,30,65,Male
4357,34,36,69,Male
4358,54,71,56,Male
4359,65,76,9,Female
4360,56,121,70,Female
4361,45,85,28,Female
4362,58,104,45,Female
4363,52,86,26,Female
4364,64,84,28,Male
4365,65,44,40,Male
4366,35,117,15,Male
4367,31,46,6,Female
4368,52,100,27,Male
4369,61,71,38,Female
4370,58,123,68,Male
4371,24,23,75,Male
4372,58,45,85,Female
4373,30,85,64,Male
4374,35,27,30,Male
4375,54,145,82,Male
4376,30,49,99,Male
4377,53,35,3,Male
4378,48,78,62,Male
4379,19,109,12,Male
4380,33,48,91,Female
4381,26,135,30,Male
4382,26,29,85,Female
4383,55,134,38,Male
4384,28,110,85,Female
4385,39,20,60,Female
4386,50,123,38,Male
4387,53,111,15,Female
4388,62,46,18,Female
4389,40,97,52,Male
4390,62,132,29,Female
4391,62,93,60,Male
4392,51,92,21,Female
4393,26,121,17,Female
4394,41,140,18,Female
4395,25,29,57,Female
4396,24,148,37,Male
4397,53,87,60,Male
4398,35,115,38,Male
4399,20,112,12,Male
4400,45,40,75,Male
4401,23,106,84,Female
4402,61,139,73,Male
4403,61,87,1,Female
4404,38,137,58,Male
4405,45,67,3,Male
4406,57,92,63,Male
4407,18,106,21,Male
4408,53,102,23,Female
4409,38,27,9,Male
4410,60,57,83,Female
4411,52,90,55,Female
4412,30,65,19,Male
4413,66,33,62,Female
4414,27,136,87,Female
4415,70,38,91,Male
4416,61,40,91,Female
4417,64,134,39,Male
4418,70,96,100,Male
4419,27,114,76,Female
4420,63,31,27,Female
4421,30,82,46,Female
4422,54,58,34,Female
4423,55,75,33,Female
4424,41,137,92,Female
4425,19,107,95,Female
4426,39,88,96,Male
4427,34,81,50,Male
4428,53,125,20,Male
4429,31,16,40,Female
4430,27,103,99,Female
4431,52,40,95,Female
4432,42,113,58,Male
4433,20,41,31,Male
4434,64,103,38,Male
4435,55,15,86,Female
4436,34,117,45,Male
4437,29,145,41,Male
4438,69,55,9,Female
4439,41,65,9,Male
4440,46,29,63,Male
4441,60,22,79,Male
4442,42,52,77,Female
4443,53,128,22,Male
4444,43,97,16,Female
4445,55,70,32,Female
4446,18,117,66,Male
4447,37,116,90,Male
4448,45,92,14,Female
4449,33,97,38,Female
4450,64,44,98,Female
4451,34,19,8,Female
4452,57,133,100,Female
4453,45,45,21,Male
4454,29,37,56,Female
4455,44,62,46,Male
4456,70,123,43,Female
4457,59,54,92,Male
4458,64,20,46,Female
4459,47,52,48,Male
4460,58,114,70,Male
4461,51,41,84,Female
4462,54,83,31,Female
4463,23,71,33,Male
4464,24,31,44,Male
4465,49,85,71,Male
4466,49,61,8,Female
4467,70,93,73,Female
4468,42,124,2,Female
4469,50,27,17,Female
4470,24,138,52,Male
4471,69,123,45,Female
4472,29,104,37,Female
4473,33,100,42,Female
4474,33,106,44,Female
4475,60,38,81,Female
4476,70,87,38,Male
4477,53,18,99,Female
4478,30,127,94,Male
4479,24,60,6,Female
4480,53,32,68,Female
4481,64,57,51,Female
4482,68,107,35,Female
4483,26,117,58,Male
4484,49,138,57,Male
4485,28,24,73,Female
4486,25,87,6,Male
4487,50,45,13,Male
4488,40,74,59,Female
4489,42,145,86,Male
4490,25,132,92,Male
4491,62,28,30,Female
4492,39,16,100,Female
4493,21,38,2,Male
4494,57,78,58,Female
4495,20,114,36,Female
4496,46,128,72,Female
4497,58,38,45,Male
4498,46,105,9,Female
4499,51,40,65,Female
4500,51,79,77,Male
4501,45,134,50,Male
4502,30,18,79,Male
4503,32,15,32,Male
4504,40,64,98,Male
4505,61,124,43,Female
4506,43,88,95,Male
4507,21,76,78,Female
4508,43,95,54,Male
4509,57,70,47,Female
4510,26,125,14,Female
4511,22,35,48,Male
4512,49,23,55,Male
4513,37,84,29,Male
4514,67,143,47,Male
4515,28,132,63,Male
4516,32,70,19,Male
4517,49,45,91,Female
4518,45,51,9,Female
4519,39,105,37,Female
4520,58,128,92,Female
4521,34,142,52,Female
4522,43,136,57,Male
4523,61,83,88,Male
4524,24,50,28,Female
4525,59,46,36,Female
4526,43,78,64,Male
4527,42,62,18,Male
4528,27,95,89,Male
4529,62,74,35,Male
4530,36,15,68,Female
4531,28,79,78,Female
4532,30,47,39,Male
4533,70,52,90,Male
4534,25,39,8,Female
4535,57,73,88,Female
4536,21,115,80,Female
4537,64,141,84,Male
4538,48,55,15,Female
4539,45,71,7,Male
4540,28,62,17,Male
4541,60,86,86,Male
4542,18,70,86,Female
4543,66,79,64,Female
4544,64,26,12,Male
4545,69,83,82,Female
4546,55,148,56,Male
4547,41,103,46,Female
4548,64,39,47,Male
4549,48,15,79,Male
4550,58,145,16,Female
4551,63,63,69,Female
4552,67,74,2,Male
4553,43,16,92,Female
4554,66,87,54,Male
4555,67,124,27,Male
4556,22,75,31,Male
4557,37,31,41,Male
4558,69,63,36,Male
4559,58,90,47,Male
4560,28,145,43,Male
4561,50,57,65,Male
4562,67,71,50,Female
4563,55,64,93,Female
4564,44,51,1,Male
4565,51,60,72,Male
4566,32,29,57,Male
4567,49,94,16,Female
4568,38,38,28,Male
4569,63,139,86,Male
4570,22,132,82,Male
4571,23,94,22,Female
4572,55,108,41,Female
4573,39,79,76,Female
4574,35,102,19,Male
4575,31,102,89,Male
4576,27,140,50,Female
4577,63,103,59,Male
4578,30,75,69,Female
4579,48,29,34,Female
4580,47,108,39,Male
4581,20,65,74,Male
4582,47,41,7,Male
4583,23,88,52,Male
4584,46,75,60,Female
4585,25,45,52,Female
4586,61,26,79,Female
4587,62,60,24,Female
4588,60,46,26,Female
4589,61,75,90,Female
4590,50,60,90,Male
4591,34,99,10,Female
4592,65,94,17,Male
4593,28,149,78,Male
4594,30,18,2,Female
4595,67,66,77,Female
4596,28,126,27,Male
4597,48,50,73,Male
4598,45,68,71,Female
4599,61,133,48,Female
4600,23,141,74,Male
4601,58,31,9,Female
4602,33,89,86,Female
4603,21,119,23,Female
4604,52,131,71,Female
4605,65,57,73,Female
4606,43,126,27,Male
4607,29,129,88,Female
4608,28,41,93,Female
4609,54,51,81,Male
4610,42,60,84,Male
4611,35,127,71,Female
4612,36,49,43,Female
4613,40,146,7,Male
4614,55,94,92,Female
4615,35,94,83,Female
4616,43,135,63,Female
4617,23,136,84,Male
4618,21,95,44,Female
4619,61,133,39,Female
4620,68,72,40,Male
4621,46,77,7,Female
4622,51,114,70,Female
4623,34,80,25,Female
4624,60,99,59,Female
4625,60,137,13,Male
4626,70,16,86,Male
4627,33,120,81,Female
4628,19,122,86,Female
4629,51,86,98,Female
4630,25,140,62,Female
4631,30,71,8,Male
4632,59,95,45,Male
4633,25,33,18,Male
4634,47,21,88,Female
4635,49,68,60,Female
4636,53,118,60,Female
4637,64,100,2,Male
4638,47,96,66,Male
4639,18,75,91,Male
4640,60,101,14,Male
4641,56,16,48,Male
4642,34,45,56,Female
4643,37,47,12,Female
4644,41,94,96,Female
4645,67,25,92,Male
4646,39,142,55,Female
4647,46,149,28,Female
4648,39,142,89,Male
4649,61,45,4,Male
4650,26,140,90,Male
4651,54,61,36,Female
4652,27,121,50,Male
4653,53,33,3,Female
4654,54,95,1,Female
4655,45,137,17,Male
4656,45,148,71,Female
4657,59,121,62,Male
4658,60,63,48,Male
4659,38,87,62,Female
4660,41,64,69,Female
4661,59,95,19,Female
4662,57,109,34,Male
4663,19,26,99,Female
4664,25,37,49,Male
4665,65,68,80,Male
4666,44,132,47,Female
4667,39,73,91,Female
4668,54,17,50,Female
4669,44,72,89,Female
4670,46,71,26,Male
4671,20,104,56,Female
4672,61,69,78,Male
4673,30,59,14,Female
4674,62,15,78,Female
4675,27,35,25,Female
4676,53,35,100,Male
4677,26,66,4,Female
4678,44,96,79,Male
4679,51,81,32,Female
4680,68,127,82,Female
4681,18,58,78,Male
4682,49,24,65,Male
4683,42,78,61,Female
4684,46,83,20,Female
4685,24,82,74,Male
4686,66,42,10,Female
4687,20,130,88,Male
4688,37,65,34,Female
4689,37,18,61,Male
4690,70,93,92,Male
4691,47,31,27,Male
4692,52,122,40,Male
4693,52,88,65,Male
4694,66,37,33,Female
4695,56,32,68,Female
4696,44,143,71,Female
4697,43,49,9,Female
4698,31,78,16,Female
4699,34,73,5,Female
4700,35,15,98,Female
4701,62,145,23,Female
4702,69,81,43,Female
4703,46,51,89,Male
4704,37,43,57,Male
4705,70,103,51,Female
4706,44,114,13,Male
4707,35,136,24,Female
4708,21,104,11,Male
4709,18,146,52,Male
4710,67,28,17,Male
4711,18,145,37,Female
4712,43,99,13,Female
4713,62,35,62,Female
4714,37,40,91,Female
4715,69,55,84,Male
4716,40,136,97,Female
4717,27,52,96,Male
4718,28,102,8,Female
4719,58,25,56,Male
4720,58,43,93,Male
4721,22,74,83,Male
4722,18,75,70,Male
4723,34,36,44,Female
4724,39,92,60,Female
4725,51,127,41,Male
4726,62,137,21,Female
4727,58,58,86,Female
4728,46,111,42,Male
4729,21,91,74,Female
4730,22,69,74,Female
4731,28,65,29,Female
4732,68,116,80,Male
4733,38,43,65,Female
4734,52,83,17,Male
4735,29,94,30,Male
4736,43,45,26,Male
4737,68,126,53,Female
4738,36,60,19,Female
4739,62,111,53,Female
4740,24,66,85,Male
4741,64,88,17,Female
4742,24,55,46,Male
4743,43,91,85,Female
4744,57,145,53,Male
4745,22,128,64,Female
4746,38,66,45,Female
4747,31,101,49,Female
4748,21,123,19,Male
4749,40,83,71,Male
4750,59,134,81,Female
4751,37,81,65,Male
4752,32,75,37,Male
4753,67,85,70,Male
4754,69,44,26,Female
4755,62,110,2,Female
4756,46,70,59,Female
4757,25,67,96,Male
4758,58,21,5,Female
4759,65,111,37,Male
4760,36,127,31,Male
4761,65,139,76,Female
4762,56,146,99,Female
4763,63,135,94,Female
4764,45,52,48,Male
4765,63,136,6,Male
4766,44,40,15,Female
4767,21,143,15,Male
4768,32,18,61,Female
4769,52,53,16,Female
4770,54,68,20,Female
4771,18,47,77,Female
4772,20,34,44,Female
4773,64,30,42,Female
4774,41,141,46,Male
4775,44,101,95,Male
4776,57,96,34,Female
4777,53,76,64,Female
4778,51,45,29,Male
4779,46,56,3,Male
4780,41,26,9,Female
4781,41,79,75,Female
4782,59,87,75,Male
4783,21,145,25,Female
4784,20,129,86,Male
4785,51,120,42,Female
4786,66,30,46,Male
4787,40,92,73,Female
4788,70,139,84,Female
4789,69,145,59,Female
4790,40,144,21,Male
4791,62,126,74,Female
4792,22,141,22,Male
4793,48,35,29,Male
4794,70,103,63,Male
4795,58,61,73,Male
4796,23,99,61,Female
4797,54,142,64,Female
4798,27,86,69,Female
4799,57,56,40,Male
4800,24,23,75,Female
4801,56,39,1,Male
4802,55,16,65,Male
4803,38,33,62,Male
4804,37,34,54,Female
4805,20,84,60,Male
4806,68,31,46,Female
4807,39,138,5,Female
4808,64,103,22,Female
4809,21,108,90,Male
4810,45,98,53,Female
4811,29,145,70,Male
4812,55,101,32,Male
4813,68,65,11,Male
4814,53,96,10,Male
4815,64,22,39,Female
4816,58,135,98,Female
4817,22,18,31,Female
4818,30,100,12,Female
4819,40,142,80,Male
4820,67,124,38,Male
4821,47,113,67,Male
4822,54,51,66,Male
4823,42,85,52,Female
4824,65,47,5,Female
4825,44,45,11,Male
4826,68,139,25,Male
4827,31,26,35,Male
4828,65,25,35,Male
4829,64,102,22,Female
4830,53,86,37,Male
4831,56,46,86,Female
4832,33,71,55,Female
4833,39,100,75,Male
4834,38,33,96,Male
4835,38,130,99,Female
4836,25,28,95,Female
4837,66,47,72,Male
4838,33,24,64,Female
4839,48,94,20,Male
4840,59,78,98,Male
4841,27,82,4,Female
4842,49,106,18,Female
4843,51,139,51,Male
4844,26,94,68,Male
4845,34,73,20,Female
4846,28,111,9,Female
4847,49,33,80,Female
4848,27,36,26,Female
4849,39,23,25,Male
4850,34,23,68,Male
4851,21,41,41,Male
4852,65,31,59,Female
4853,69,59,45,Female
4854,64,22,41,Male
4855,42,139,38,Female
4856,38,137,19,Female
4857,54,47,14,Female
4858,55,15,21,Female
4859,66,20,15,Female
4860,18,55,3,Female
4861,42,19,37,Male
4862,68,94,46,Male
4863,53,32,16,Male
4864,34,96,14,Male
4865,58,79,9,Female
4866,41,97,7,Male
4867,19,150,14,Male
4868,57,145,6,Male
4869,32,39,85,Male
4870,49,83,15,Female
4871,56,96,52,Female
4872,23,131,72,Male
4873,18,109,34,Male
4874,64,47,1,Female
4875,40,125,96,Female
4876,56,139,69,Male
4877,34,30,94,Female
4878,51,94,86,Female
4879,58,52,20,Male
4880,46,149,80,Female
4881,26,92,7,Male
4882,30,77,7,Male
4883,23,126,50,Female
4884,23,103,2,Female
4885,37,52,47,Female
4886,69,66,14,Female
4887,70,43,31,Female
4888,20,90,50,Female
4889,34,78,61,Male
4890,66,105,41,Female
4891,29,103,14,Male
4892,65,27,5,Female
4893,64,86,75,Female
4894,62,19,5,Female
4895,18,26,64,Female
4896,34,17,29,Female
4897,20,47,75,Male
4898,43,135,5,Male
4899,32,64,96,Male
4900,53,43,36,Female
4901,49,53,79,Female
4902,49,105,19,Female
4903,21,114,64,Male
4904,35,31,22,Male
4905,66,70,34,Female
4906,36,60,56,Male
4907,60,81,17,Female
4908,69,81,76,Female
4909,52,37,89,Male
4910,57,108,56,Male
4911,31,68,17,Male
4912,50,91,74,Male
4913,31,30,92,Female
4914,51,55,82,Female
4915,21,112,18,Male
4916,41,142,45,Male
4917,46,75,96,Male
4918,36,100,78,Male
4919,23,132,56,Female
4920,50,114,80,Female
4921,66,63,50,Female
4922,57,16,58,Female
4923,36,134,18,Female
4924,70,137,80,Female
4925,18,100,81,Female
4926,22,91,7,Male
4927,44,150,76,Female
4928,33,73,98,Male
4929,23,26,10,Male
4930,57,18,69,Male
4931,30,131,85,Female
4932,65,109,3,Female
4933,52,139,83,Female
4934,36,55,44,Female
4935,29,137,99,Male
4936,33,21,70,Female
4937,60,83,14,Male
4938,27,83,4,Female
4939,42,95,18,Female
4940,37,44,93,Male
4941,48,87,99,Male
4942,21,20,52,Male
4943,61,103,38,Female
4944,40,80,80,Female
4945,19,24,20,Male
4946,39,51,88,Female
4947,68,91,99,Male
4948,54,91,44,Female
4949,25,46,51,Male
4950,24,61,19,Male
4951,31,124,68,Female
4952,20,134,97,Male
4953,67,24,66,Female
4954,33,111,13,Female
4955,36,19,62,Male
4956,68,91,61,Male
4957,35,15,30,Female
4958,69,145,98,Female
4959,33,81,30,Male
4960,25,29,51,Male
4961,50,107,88,Male
4962,66,44,48,Female
4963,29,117,33,Female
4964,70,96,74,Female
4965,28,89,82,Male
4966,22,74,19,Male
4967,44,54,71,Female
4968,29,88,57,Female
4969,34,135,19,Male
4970,23,17,88,Female
4971,50,50,79,Male
4972,22,57,41,Male
4973,45,129,42,Male
4974,31,123,87,Female
4975,22,104,52,Female
4976,50,98,4,Male
4977,67,91,4,Male
4978,65,19,5,Female
4979,58,92,41,Male
4980,36,105,87,Female
4981,39,101,61,Female
4982,22,28,75,Female
4983,19,118,55,Male
4984,47,97,75,Male
4985,64,68,13,Male
4986,56,146,14,Male
4987,21,109,60,Female
4988,50,23,72,Male
4989,30,67,25,Female
4990,37,91,82,Male
4991,24,74,44,Male
4992,32,60,82,Male
4993,40,68,10,Male
4994,31,88,71,Male
4995,40,126,50,Female
4996,36,109,44,Male
4997,46,37,14,Male
4998,37,41,15,Male
4999,46,84,16,Male
5000,41,123,2,Male
